id,name,shirtNumber,positionId,position,club,link
581106,Kristian Arnstad,10,4,Forward,Aarhus GF,/kristian-arnstad/profil/spieler/581106
528451,Tobias Bech,31,4,Forward,Aarhus GF,/tobias-bech/profil/spieler/528451
675278,Eric Kahl,19,2,Defender,Aarhus GF,/eric-kahl/profil/spieler/675278
651735,Magnus Knudsen,4,3,Midfield,Aarhus GF,/magnus-knudsen/profil/spieler/651735
445616,Gift Links,11,3,Midfield,Aarhus GF,/gift-links/profil/spieler/445616
418567,Markus Solbakken,7,3,Midfield,Aarhus GF,/markus-solbakken/profil/spieler/418567
542697,Rasmus Carstensen,29,3,Midfield,Aarhus GF,/rasmus-carstensen/profil/spieler/542697
403673,Mikael Anderson,23,3,Midfield,Aarhus GF,/mikael-anderson/profil/spieler/403673
405375,Colin Rösler,25,2,Defender,Aarhus GF,/colin-rosler/profil/spieler/405375
413268,Kevin Yakob,17,3,Midfield,Aarhus GF,/kevin-yakob/profil/spieler/413268
496341,Mads Hedenstad,21,1,Goalkeeper,Aarhus GF,/mads-hedenstad/profil/spieler/496341
148355,Jens Jønsson,16,3,Midfield,Aarhus GF,/jens-jonsson/profil/spieler/148355
1020226,Luka Callø,33,2,Defender,Aarhus GF,/luka-callo/profil/spieler/1020226
1004062,Frederik Emmery,39,4,Forward,Aarhus GF,/frederik-emmery/profil/spieler/1004062
341466,Tobias Mölgaard,14,2,Defender,Aarhus GF,/tobias-molgaard/profil/spieler/341466
542654,Sebastian Jørgensen,8,4,Forward,Aarhus GF,/sebastian-jorgensen/profil/spieler/542654
1237998,Richmond Gyamfi,18,4,Forward,Aarhus GF,/richmond-gyamfi/profil/spieler/1237998
294534,Janni Serra,13,4,Forward,Aarhus GF,/janni-serra/profil/spieler/294534
819798,Jacob Andersen,26,3,Midfield,Aarhus GF,/jacob-andersen/profil/spieler/819798
253210,Nicolai Poulsen,6,3,Midfield,Aarhus GF,/nicolai-poulsen/profil/spieler/253210
289683,Frederik Tingager,5,2,Defender,Aarhus GF,/frederik-tingager/profil/spieler/289683
1059479,Stefen Tchamche,27,4,Forward,Aarhus GF,/stefen-tchamche/profil/spieler/1059479
1072738,Tómas Kristjánsson,20,4,Forward,Aarhus GF,/tomas-kristjansson/profil/spieler/1072738
22860,Jesper Hansen,1,1,Goalkeeper,Aarhus GF,/jesper-hansen/profil/spieler/22860
1390988,James Bogere,28,4,Forward,Aarhus GF,/james-bogere/profil/spieler/1390988
1209442,Oskar Haugstrup,22,3,Midfield,Aarhus GF,/oskar-haugstrup/profil/spieler/1209442
683571,Tolu Arokodare,99,4,Forward,Ajax,/tolu-arokodare/profil/spieler/683571
559327,Youri Baas,15,2,Defender,Ajax,/youri-baas/profil/spieler/559327
668267,Marcos Leonardo,38,4,Forward,Ajax,/marcos-leonardo/profil/spieler/668267
187492,Julian Brandt,8,3,Midfield,Ajax,/julian-brandt/profil/spieler/187492
264372,Viktor Tsygankov,11,4,Forward,Ajax,/viktor-tsygankov/profil/spieler/264372
930571,Oscar Gloukh,10,3,Midfield,Ajax,/oscar-gloukh/profil/spieler/930571
420064,Caio Henrique,12,2,Defender,Ajax,/caio-henrique/profil/spieler/420064
287579,Sofyan Amrabat,4,3,Midfield,Ajax,/sofyan-amrabat/profil/spieler/287579
1105532,Jorthy Mokio,24,3,Midfield,Ajax,/jorthy-mokio/profil/spieler/1105532
283196,Kasper Dolberg,9,4,Forward,Ajax,/kasper-dolberg/profil/spieler/283196
765743,Dies Janse,36,2,Defender,Ajax,/dies-janse/profil/spieler/765743
701055,Anton Gaaei,3,2,Defender,Ajax,/anton-gaaei/profil/spieler/701055
468309,Lucas Rosa,2,2,Defender,Ajax,/lucas-rosa/profil/spieler/468309
598491,Rayane Bounida,43,3,Midfield,Ajax,/rayane-bounida/profil/spieler/598491
987366,Aaron Bouwman,30,2,Defender,Ajax,/aaron-bouwman/profil/spieler/987366
74857,Marc ter Stegen,1,1,Goalkeeper,Ajax,/marc-ter-stegen/profil/spieler/74857
374326,Oliver Edvardsen,20,4,Forward,Ajax,/oliver-edvardsen/profil/spieler/374326
339328,Owen Wijndal,5,2,Defender,Ajax,/owen-wijndal/profil/spieler/339328
396077,Maarten Paes,26,1,Goalkeeper,Ajax,/maarten-paes/profil/spieler/396077
182932,Davy Klaassen,18,3,Midfield,Ajax,/davy-klaassen/profil/spieler/182932
129554,Steven Berghuis,23,4,Forward,Ajax,/steven-berghuis/profil/spieler/129554
1194905,Abdellah Ouazane,68,3,Midfield,Ajax,/abdellah-ouazane/profil/spieler/1194905
12282,Daley Blind,17,2,Defender,Ajax,/daley-blind/profil/spieler/12282
923667,Joeri Heerkens,22,1,Goalkeeper,Ajax,/joeri-heerkens/profil/spieler/923667
1009765,Jofre Torrents,21,2,Defender,Ajax,/jofre-torrents/profil/spieler/1009765
704773,Amourricho van Axel Dongen,0,4,Forward,Ajax,/amourricho-van-axel-dongen/profil/spieler/704773
607854,Éderson,13,3,Midfield,Atalanta,/ederson/profil/spieler/607854
571604,Giorgio Scalvini,42,2,Defender,Atalanta,/giorgio-scalvini/profil/spieler/571604
435772,Charles De Ketelaere,17,3,Midfield,Atalanta,/charles-de-ketelaere/profil/spieler/435772
459763,Marco Carnesecchi,29,1,Goalkeeper,Atalanta,/marco-carnesecchi/profil/spieler/459763
1077175,Honest Ahanor,69,2,Defender,Atalanta,/honest-ahanor/profil/spieler/1077175
434433,Nikola Krstović,90,4,Forward,Atalanta,/nikola-krstovic/profil/spieler/434433
315867,Gianluca Scamacca,9,4,Forward,Atalanta,/gianluca-scamacca/profil/spieler/315867
405885,Giacomo Raspadori,18,4,Forward,Atalanta,/giacomo-raspadori/profil/spieler/405885
503075,Isak Hien,4,2,Defender,Atalanta,/isak-hien/profil/spieler/503075
708635,Lorenzo Bernasconi,47,3,Midfield,Atalanta,/lorenzo-bernasconi/profil/spieler/708635
550108,Nicola Zalewski,59,3,Midfield,Atalanta,/nicola-zalewski/profil/spieler/550108
746695,Kamaldeen Sulemana,7,4,Forward,Atalanta,/kamaldeen-sulemana/profil/spieler/746695
528833,Lazar Samardžić,10,3,Midfield,Atalanta,/lazar-samardzic/profil/spieler/528833
357992,Raoul Bellanova,16,3,Midfield,Atalanta,/raoul-bellanova/profil/spieler/357992
644771,Odilon Kossounou,3,2,Defender,Atalanta,/odilon-kossounou/profil/spieler/644771
400489,Eljif Elmas,99,3,Midfield,Atalanta,/eljif-elmas/profil/spieler/400489
294808,Franck Kessié,19,3,Midfield,Atalanta,/franck-kessie/profil/spieler/294808
698259,Thomas Kristensen,31,2,Defender,Atalanta,/thomas-kristensen/profil/spieler/698259
358008,Gianluca Gaetano,70,3,Midfield,Atalanta,/gianluca-gaetano/profil/spieler/358008
205938,Mario Pašalić,8,3,Midfield,Atalanta,/mario-pasalic/profil/spieler/205938
982267,Ibrahim Sulemana,6,3,Midfield,Atalanta,/ibrahim-sulemana/profil/spieler/982267
94005,Sead Kolasinac,23,2,Defender,Atalanta,/sead-kolasinac/profil/spieler/94005
173859,Davide Zappacosta,77,3,Midfield,Atalanta,/davide-zappacosta/profil/spieler/173859
361065,Mitchel Bakker,5,3,Midfield,Atalanta,/mitchel-bakker/profil/spieler/361065
650256,Paolo Vismara,95,1,Goalkeeper,Atalanta,/paolo-vismara/profil/spieler/650256
199976,Marco Sportiello,57,1,Goalkeeper,Atalanta,/marco-sportiello/profil/spieler/199976
1141857,Matej Deket,89,4,Forward,B. Banja Luka,/matej-deket/profil/spieler/1141857
952692,Mladen Jurkas,72,1,Goalkeeper,B. Banja Luka,/mladen-jurkas/profil/spieler/952692
693480,Damir Hrelja,11,4,Forward,B. Banja Luka,/damir-hrelja/profil/spieler/693480
687426,David Vukovic,10,4,Forward,B. Banja Luka,/david-vukovic/profil/spieler/687426
350759,Luka Juricic,7,4,Forward,B. Banja Luka,/luka-juricic/profil/spieler/350759
615600,Viktor Rogan,19,2,Defender,B. Banja Luka,/viktor-rogan/profil/spieler/615600
338031,Jurich Carolina,24,2,Defender,B. Banja Luka,/jurich-carolina/profil/spieler/338031
320858,Sandi Ogrinec,98,3,Midfield,B. Banja Luka,/sandi-ogrinec/profil/spieler/320858
342719,Bart Meijers,2,2,Defender,B. Banja Luka,/bart-meijers/profil/spieler/342719
384027,Sebastián Herrera,16,2,Defender,B. Banja Luka,/sebastian-herrera/profil/spieler/384027
120192,Stefan Savic,77,3,Midfield,B. Banja Luka,/stefan-savic/profil/spieler/120192
258290,Sinisa Sanicanin,6,2,Defender,B. Banja Luka,/sinisa-sanicanin/profil/spieler/258290
328119,Amer Hiros,12,4,Forward,B. Banja Luka,/amer-hiros/profil/spieler/328119
982836,Ivan Kukavica,22,3,Midfield,B. Banja Luka,/ivan-kukavica/profil/spieler/982836
186489,Nemanja Jaksic,30,2,Defender,B. Banja Luka,/nemanja-jaksic/profil/spieler/186489
989321,Amar Milak,47,4,Forward,B. Banja Luka,/amar-milak/profil/spieler/989321
447938,Abel Pascual,3,2,Defender,B. Banja Luka,/abel-pascual/profil/spieler/447938
245027,Anderson Esiti,0,3,Midfield,B. Banja Luka,/anderson-esiti/profil/spieler/245027
123158,Srdjan Grahovac,15,3,Midfield,B. Banja Luka,/srdjan-grahovac/profil/spieler/123158
160285,Milos Jojic,18,3,Midfield,B. Banja Luka,/milos-jojic/profil/spieler/160285
271451,Dani Romera,99,4,Forward,B. Banja Luka,/dani-romera/profil/spieler/271451
226090,Ante Roguljic,44,3,Midfield,B. Banja Luka,/ante-roguljic/profil/spieler/226090
466121,Nikola Terzic,36,4,Forward,B. Banja Luka,/nikola-terzic/profil/spieler/466121
697091,Karlo Peric,9,4,Forward,B. Banja Luka,/karlo-peric/profil/spieler/697091
193217,Damjan Siskovski,1,1,Goalkeeper,B. Banja Luka,/damjan-siskovski/profil/spieler/193217
569080,Nikola Cetkovic,21,1,Goalkeeper,B. Banja Luka,/nikola-cetkovic/profil/spieler/569080
522263,Omar Sijaric,17,4,Forward,B. Banja Luka,/omar-sijaric/profil/spieler/522263
131735,Petar Kunic,93,4,Forward,B. Banja Luka,/petar-kunic/profil/spieler/131735
933832,Pavle Djajic,14,4,Forward,B. Banja Luka,/pavle-djajic/profil/spieler/933832
46346,Stojan Vranjes,23,3,Midfield,B. Banja Luka,/stojan-vranjes/profil/spieler/46346
1024189,Erik Ridjan,20,2,Defender,B. Banja Luka,/erik-ridjan/profil/spieler/1024189
818088,Leandro Godoy,9,4,Forward,CSKA Sofia,/leandro-godoy/profil/spieler/818088
380191,Ioannis Pittas,28,4,Forward,CSKA Sofia,/ioannis-pittas/profil/spieler/380191
182894,Jean-Philippe Gbamin,5,2,Defender,CSKA Sofia,/jean-philippe-gbamin/profil/spieler/182894
898127,Fedor Lapoukhov,21,1,Goalkeeper,CSKA Sofia,/fedor-lapoukhov/profil/spieler/898127
789018,James Eto'o,99,3,Midfield,CSKA Sofia,/james-etoo/profil/spieler/789018
726472,Léo Pereira,38,4,Forward,CSKA Sofia,/leo-pereira/profil/spieler/726472
216179,Stefano Sensi,8,3,Midfield,CSKA Sofia,/stefano-sensi/profil/spieler/216179
471641,Ángelo Martino,17,2,Defender,CSKA Sofia,/angelo-martino/profil/spieler/471641
740498,Pastor,2,2,Defender,CSKA Sofia,/pastor/profil/spieler/740498
927269,Teodor Ivanov,14,2,Defender,CSKA Sofia,/teodor-ivanov/profil/spieler/927269
533783,Maks Ebong,7,3,Midfield,CSKA Sofia,/maks-ebong/profil/spieler/533783
820381,Mohamed Brahimi,11,4,Forward,CSKA Sofia,/mohamed-brahimi/profil/spieler/820381
853948,Alejandro Piedrahita,77,4,Forward,CSKA Sofia,/alejandro-piedrahita/profil/spieler/853948
663491,Facundo Rodríguez,32,2,Defender,CSKA Sofia,/facundo-rodriguez/profil/spieler/663491
415646,Bruno Jordão,6,3,Midfield,CSKA Sofia,/bruno-jordao/profil/spieler/415646
1268640,Petko Panayotov,30,3,Midfield,CSKA Sofia,/petko-panayotov/profil/spieler/1268640
464306,Cătălin Itu,67,4,Forward,CSKA Sofia,/catalin-itu/profil/spieler/464306
569373,Isaac Solet,94,3,Midfield,CSKA Sofia,/isaac-solet/profil/spieler/569373
457940,Joël Zwarts,10,4,Forward,CSKA Sofia,/joel-zwarts/profil/spieler/457940
1046660,Tamimou Ouorou,3,2,Defender,CSKA Sofia,/tamimou-ouorou/profil/spieler/1046660
417238,Andrey Yordanov,19,2,Defender,CSKA Sofia,/andrey-yordanov/profil/spieler/417238
198418,Dimitar Evtimov,25,1,Goalkeeper,CSKA Sofia,/dimitar-evtimov/profil/spieler/198418
978808,Georgi Chorbadzhiyski,80,3,Midfield,CSKA Sofia,/georgi-chorbadzhiyski/profil/spieler/978808
1100752,Vasil Kaymakanov,34,3,Midfield,CSKA Sofia,/vasil-kaymakanov/profil/spieler/1100752
590291,Jorginho,7,4,Forward,Kairat Almaty,/jorginho/profil/spieler/590291
724942,Temirlan Anarbekov,1,1,Goalkeeper,Kairat Almaty,/temirlan-anarbekov/profil/spieler/724942
674212,Oiva Jukkola,19,4,Forward,Kairat Almaty,/oiva-jukkola/profil/spieler/674212
258002,Luís Mata,3,2,Defender,Kairat Almaty,/luis-mata/profil/spieler/258002
858389,Aleksandr Mrynskiy,24,2,Defender,Kairat Almaty,/aleksandr-mrynskiy/profil/spieler/858389
433893,Jaakko Oksanen,13,3,Midfield,Kairat Almaty,/jaakko-oksanen/profil/spieler/433893
764944,Damir Kasabulat,4,3,Midfield,Kairat Almaty,/damir-kasabulat/profil/spieler/764944
637788,Gustavo Mendonça,22,3,Midfield,Kairat Almaty,/gustavo-mendonca/profil/spieler/637788
1271721,Azamat Tuyakbaev,17,3,Midfield,Kairat Almaty,/azamat-tuyakbaev/profil/spieler/1271721
902747,Edmilson,9,4,Forward,Kairat Almaty,/edmilson/profil/spieler/902747
376486,Marc Gual,28,4,Forward,Kairat Almaty,/marc-gual/profil/spieler/376486
881434,Adilet Sadybekov,6,3,Midfield,Kairat Almaty,/adilet-sadybekov/profil/spieler/881434
661114,Aleksandr Shirobokov,25,2,Defender,Kairat Almaty,/aleksandr-shirobokov/profil/spieler/661114
597087,Lucas Áfrico,44,2,Defender,Kairat Almaty,/lucas-africo/profil/spieler/597087
276816,Erkin Tapalov,20,2,Defender,Kairat Almaty,/erkin-tapalov/profil/spieler/276816
939183,Olzhas Baybek,8,3,Midfield,Kairat Almaty,/olzhas-baybek/profil/spieler/939183
1179141,Sherkhan Kalmurza,82,1,Goalkeeper,Kairat Almaty,/sherkhan-kalmurza/profil/spieler/1179141
59352,Aleksandr Martynovich,14,2,Defender,Kairat Almaty,/aleksandr-martynovich/profil/spieler/59352
1235708,Ismail Bekbolat,81,4,Forward,Kairat Almaty,/ismail-bekbolat/profil/spieler/1235708
1179142,Daniyar Tashpulatov,59,2,Defender,Kairat Almaty,/daniyar-tashpulatov/profil/spieler/1179142
661116,Lev Kurgin,5,2,Defender,Kairat Almaty,/lev-kurgin/profil/spieler/661116
1292415,Mukhamedali Abish,27,3,Midfield,Kairat Almaty,/mukhamedali-abish/profil/spieler/1292415
1141842,Mansur Birkurmanov,15,4,Forward,Kairat Almaty,/mansur-birkurmanov/profil/spieler/1141842
1327495,Danila Buch,30,1,Goalkeeper,Kairat Almaty,/danila-buch/profil/spieler/1327495
345584,Julius Eskesen,0,3,Midfield,KuPS,/julius-eskesen/profil/spieler/345584
464308,Tommi Jyry,16,3,Midfield,KuPS,/tommi-jyry/profil/spieler/464308
223783,Johannes Kreidl,1,1,Goalkeeper,KuPS,/johannes-kreidl/profil/spieler/223783
263801,Kasim Adams,4,2,Defender,KuPS,/kasim-adams/profil/spieler/263801
155202,Piotr Parzyszek,20,4,Forward,KuPS,/piotr-parzyszek/profil/spieler/155202
587302,Clinton Antwi,25,2,Defender,KuPS,/clinton-antwi/profil/spieler/587302
950405,Calvin Kabuye,19,4,Forward,KuPS,/calvin-kabuye/profil/spieler/950405
1147796,Bob Nii Armah,24,4,Forward,KuPS,/bob-nii-armah/profil/spieler/1147796
491703,Valentín Gasc,10,3,Midfield,KuPS,/valentin-gasc/profil/spieler/491703
459716,Saku Heiskanen,3,2,Defender,KuPS,/saku-heiskanen/profil/spieler/459716
740837,Joslyn Luyeye-Lutumba,21,4,Forward,KuPS,/joslyn-luyeye-lutumba/profil/spieler/740837
567485,Taneli Hämäläinen,33,2,Defender,KuPS,/taneli-hamalainen/profil/spieler/567485
462248,Jorginho,30,2,Defender,KuPS,/jorginho/profil/spieler/462248
309923,Jaime Moreno,11,4,Forward,KuPS,/jaime-moreno/profil/spieler/309923
274746,Saku Savolainen,6,2,Defender,KuPS,/saku-savolainen/profil/spieler/274746
986261,Ayman Aiki,0,4,Forward,KuPS,/ayman-aiki/profil/spieler/986261
1032012,Brahima Magassa,28,2,Defender,KuPS,/brahima-magassa/profil/spieler/1032012
716895,Niilo Kujasalo,13,3,Midfield,KuPS,/niilo-kujasalo/profil/spieler/716895
694402,Saikou Touray,22,3,Midfield,KuPS,/saikou-touray/profil/spieler/694402
660581,Arttu Lötjönen,23,2,Defender,KuPS,/arttu-lotjonen/profil/spieler/660581
937939,Akseli Puukko,29,2,Defender,KuPS,/akseli-puukko/profil/spieler/937939
248024,Gustav Engvall,9,4,Forward,KuPS,/gustav-engvall/profil/spieler/248024
190456,Jerry Voutilainen,7,3,Midfield,KuPS,/jerry-voutilainen/profil/spieler/190456
47703,Petteri Pennanen,8,3,Midfield,KuPS,/petteri-pennanen/profil/spieler/47703
511780,Arttu Heinonen,17,3,Midfield,KuPS,/arttu-heinonen/profil/spieler/511780
937985,Samuel Pasanen,14,3,Midfield,KuPS,/samuel-pasanen/profil/spieler/937985
586591,Hemmo Riihimäki,12,1,Goalkeeper,KuPS,/hemmo-riihimaki/profil/spieler/586591
741585,Aaro Toivonen,26,3,Midfield,KuPS,/aaro-toivonen/profil/spieler/741585
1046213,Eemil Tanninen,18,3,Midfield,KuPS,/eemil-tanninen/profil/spieler/1046213
1150689,Rasmus Tikkanen,32,2,Defender,KuPS,/rasmus-tikkanen/profil/spieler/1150689
1271200,Kasperi Silen,37,1,Goalkeeper,KuPS,/kasperi-silen/profil/spieler/1271200
715818,Manu Toledano,44,4,Forward,Lincoln FC,/manu-toledano/profil/spieler/715818
462809,Christian Rutjens,3,2,Defender,Lincoln FC,/christian-rutjens/profil/spieler/462809
242295,Álex Mula,10,4,Forward,Lincoln FC,/alex-mula/profil/spieler/242295
437893,Álvaro Romero,11,4,Forward,Lincoln FC,/alvaro-romero/profil/spieler/437893
299132,Ethan Jolley,2,2,Defender,Lincoln FC,/ethan-jolley/profil/spieler/299132
785290,Gabri Cardozo,5,2,Defender,Lincoln FC,/gabri-cardozo/profil/spieler/785290
405559,Jaylan Hankins,13,1,Goalkeeper,Lincoln FC,/jaylan-hankins/profil/spieler/405559
344827,Bernardo Lopes,6,2,Defender,Lincoln FC,/bernardo-lopes/profil/spieler/344827
593822,Julliani Eersteling,66,2,Defender,Lincoln FC,/julliani-eersteling/profil/spieler/593822
454542,Kike Gómez,9,4,Forward,Lincoln FC,/kike-gomez/profil/spieler/454542
340906,Ethan Britto,20,2,Defender,Lincoln FC,/ethan-britto/profil/spieler/340906
1155231,Yussef Flalhi Idrissi,19,4,Forward,Lincoln FC,/yussef-flalhi-idrissi/profil/spieler/1155231
399011,Graeme Torrilla,22,3,Midfield,Lincoln FC,/graeme-torrilla/profil/spieler/399011
1004914,Leon Mason,16,3,Midfield,Lincoln FC,/leon-mason/profil/spieler/1004914
294334,Nauzet García,1,1,Goalkeeper,Lincoln FC,/nauzet-garcia/profil/spieler/294334
1008475,Facundo Álvarez,32,4,Forward,Lincoln FC,/facundo-alvarez/profil/spieler/1008475
1448877,Nico Clara Pinto,4,3,Midfield,Lincoln FC,/nico-clara-pinto/profil/spieler/1448877
453985,Aly Coulibaly,17,3,Midfield,Lincoln FC,/aly-coulibaly/profil/spieler/453985
538450,Ayman El Ghobashy,99,4,Forward,Lincoln FC,/ayman-el-ghobashy/profil/spieler/538450
171979,Toni García,18,4,Forward,Lincoln FC,/toni-garcia/profil/spieler/171979
939834,Mark Hamm,27,1,Goalkeeper,Lincoln FC,/mark-hamm/profil/spieler/939834
58018,Nano,21,3,Midfield,Lincoln FC,/nano/profil/spieler/58018
299116,Lee Casciaro,7,4,Forward,Lincoln FC,/lee-casciaro/profil/spieler/299116
270611,Joe,23,3,Midfield,Lincoln FC,/joetm/profil/spieler/270611
1024353,Jay Coombes,33,2,Defender,Lincoln FC,/jay-coombes/profil/spieler/1024353
69789,Mandi,8,3,Midfield,Lincoln FC,/mandi/profil/spieler/69789
635336,Imrân Louza,26,3,Midfield,Panathinaikos,/imran-louza/profil/spieler/635336
564529,Victor Kristiansen,34,2,Defender,Panathinaikos,/victor-kristiansen/profil/spieler/564529
491296,Anass Zaroury,11,4,Forward,Panathinaikos,/anass-zaroury/profil/spieler/491296
354587,Levi García,99,4,Forward,Panathinaikos,/levi-garcia/profil/spieler/354587
1305935,Santino Andino,10,3,Midfield,Panathinaikos,/santino-andino/profil/spieler/1305935
354340,Rick van Drongelen,55,2,Defender,Panathinaikos,/rick-van-drongelen/profil/spieler/354340
676318,Facundo Pellistri,28,4,Forward,Panathinaikos,/facundo-pellistri/profil/spieler/676318
242273,Pedro Chirivella,4,3,Midfield,Panathinaikos,/pedro-chirivella/profil/spieler/242273
1024285,Adriano Jagusic,8,3,Midfield,Panathinaikos,/adriano-jagusic/profil/spieler/1024285
262523,Davide Calabria,2,2,Defender,Panathinaikos,/davide-calabria/profil/spieler/262523
905184,Andreas Tetteh,7,4,Forward,Panathinaikos,/andreas-tetteh/profil/spieler/905184
854325,Étienne Camara,22,3,Midfield,Panathinaikos,/etienne-camara/profil/spieler/854325
906748,Vicente Taborda,20,3,Midfield,Panathinaikos,/vicente-taborda/profil/spieler/906748
543513,Elmin Rastoder,74,4,Forward,Panathinaikos,/elmin-rastoder/profil/spieler/543513
283170,Iñaki Peña,1,1,Goalkeeper,Panathinaikos,/inaki-pena/profil/spieler/283170
684998,Kings Kangwa,42,3,Midfield,Panathinaikos,/kings-kangwa/profil/spieler/684998
317806,Cyriel Dessers,9,4,Forward,Panathinaikos,/cyriel-dessers/profil/spieler/317806
162571,Anastasios Bakasetas,31,3,Midfield,Panathinaikos,/anastasios-bakasetas/profil/spieler/162571
111196,Stefan de Vrij,6,2,Defender,Panathinaikos,/stefan-de-vrij/profil/spieler/111196
615639,Milos Pantovic,72,4,Forward,Panathinaikos,/milos-pantovic/profil/spieler/615639
311178,Georgios Kyriakopoulos,77,2,Defender,Panathinaikos,/georgios-kyriakopoulos/profil/spieler/311178
137648,Sverrir Ingi Ingason,15,2,Defender,Panathinaikos,/sverrir-ingi-ingason/profil/spieler/137648
1031590,Sotiris Kontouris,18,3,Midfield,Panathinaikos,/sotiris-kontouris/profil/spieler/1031590
623561,Triantafyllos Tsapras,19,2,Defender,Panathinaikos,/triantafyllos-tsapras/profil/spieler/623561
282199,Erik Palmer-Brown,14,2,Defender,Panathinaikos,/erik-palmer-brown/profil/spieler/282199
905189,Pavlos Pantelidis,17,4,Forward,Panathinaikos,/pavlos-pantelidis/profil/spieler/905189
360791,Lucas Chaves,12,1,Goalkeeper,Panathinaikos,/lucas-chaves/profil/spieler/360791
1047109,Georgios Katris,3,2,Defender,Panathinaikos,/georgios-katris/profil/spieler/1047109
242637,Konstantinos Kotsaris,70,1,Goalkeeper,Panathinaikos,/konstantinos-kotsaris/profil/spieler/242637
898021,Georgios Kyriopoulos,30,4,Forward,Panathinaikos,/georgios-kyriopoulos/profil/spieler/898021
1077461,Giannis Bokos,39,4,Forward,Panathinaikos,/giannis-bokos/profil/spieler/1077461
46001,Moussa Sissoko,32,3,Midfield,Panathinaikos,/moussa-sissoko/profil/spieler/46001
1329907,Vasilios Lavdas,56,2,Defender,Panathinaikos,/vasilios-lavdas/profil/spieler/1329907
1340846,Iason Nebis,53,4,Forward,Panathinaikos,/iason-nebis/profil/spieler/1340846
1405490,Christos Gitonas,71,1,Goalkeeper,Panathinaikos,/christos-gitonas/profil/spieler/1405490
1487539,Panagiotis Biniaris,44,3,Midfield,Panathinaikos,/panagiotis-biniaris/profil/spieler/1487539
668606,Yuito Suzuki,14,4,Forward,Freiburg,/yuito-suzuki/profil/spieler/668606
605268,Igor Matanovic,31,4,Forward,Freiburg,/igor-matanovic/profil/spieler/605268
863759,Bruno Ogbus,43,2,Defender,Freiburg,/bruno-ogbus/profil/spieler/863759
620295,Mio Backhaus,1,1,Goalkeeper,Freiburg,/mio-backhaus/profil/spieler/620295
335993,Philipp Treu,29,2,Defender,Freiburg,/philipp-treu/profil/spieler/335993
443331,Patrick Osterhage,6,3,Midfield,Freiburg,/patrick-osterhage/profil/spieler/443331
916623,Keisuke Goto,42,4,Forward,Freiburg,/keisuke-goto/profil/spieler/916623
190284,Maximilian Eggestein,8,3,Midfield,Freiburg,/maximilian-eggestein/profil/spieler/190284
225657,Philipp Lienhart,3,2,Defender,Freiburg,/philipp-lienhart/profil/spieler/225657
342967,Niklas Beste,19,4,Forward,Freiburg,/niklas-beste/profil/spieler/342967
1145064,Cyriaque Irié,22,4,Forward,Freiburg,/cyriaque-irie/profil/spieler/1145064
820957,Derry Scherhant,7,4,Forward,Freiburg,/derry-scherhant/profil/spieler/820957
907087,Berkay Yılmaz,27,2,Defender,Freiburg,/berkay-yilmaz/profil/spieler/907087
405670,Yannik Engelhardt,16,3,Midfield,Freiburg,/yannik-engelhardt/profil/spieler/405670
432403,Rihito Yamamoto,20,3,Midfield,Freiburg,/rihito-yamamoto/profil/spieler/432403
599419,Max Rosenfelder,37,2,Defender,Freiburg,/max-rosenfelder/profil/spieler/599419
815078,Jordy Makengo,33,2,Defender,Freiburg,/jordy-makengo/profil/spieler/815078
124502,Matthias Ginter,28,2,Defender,Freiburg,/matthias-ginter/profil/spieler/124502
185077,Vincenzo Grifo,32,4,Forward,Freiburg,/vincenzo-grifo/profil/spieler/185077
248999,Lucas Höler,9,4,Forward,Freiburg,/lucas-holer/profil/spieler/248999
93707,Christian Günter,30,2,Defender,Freiburg,/christian-gunter/profil/spieler/93707
337036,Florent Muslija,23,4,Forward,Freiburg,/florent-muslija/profil/spieler/337036
93604,Lukas Kübler,17,2,Defender,Freiburg,/lukas-kubler/profil/spieler/93604
284769,Florian Müller,21,1,Goalkeeper,Freiburg,/florian-muller/profil/spieler/284769
58995,Anthony Jung,5,2,Defender,Freiburg,/anthony-jung/profil/spieler/58995
160954,Jannik Huth,24,1,Goalkeeper,Freiburg,/jannik-huth/profil/spieler/160954
1159439,Rouven Tarnutzer,39,3,Midfield,Freiburg,/rouven-tarnutzer/profil/spieler/1159439
1045375,Niko Sigur,8,3,Midfield,Hajduk Split,/niko-sigur/profil/spieler/1045375
921553,Simun Hrgovic,32,2,Defender,Hajduk Split,/simun-hrgovic/profil/spieler/921553
95438,Marko Livaja,10,4,Forward,Hajduk Split,/marko-livaja/profil/spieler/95438
371012,Michele Sego,11,4,Forward,Hajduk Split,/michele-sego/profil/spieler/371012
307807,Dario Maresic,15,2,Defender,Hajduk Split,/dario-maresic/profil/spieler/307807
945345,Marin Soticek,23,4,Forward,Hajduk Split,/marin-soticek/profil/spieler/945345
626301,Adrion Pajaziti,4,3,Midfield,Hajduk Split,/adrion-pajaziti/profil/spieler/626301
322065,Dennis Hadzikadunic,6,2,Defender,Hajduk Split,/dennis-hadzikadunic/profil/spieler/322065
160482,Ivica Ivusic,1,1,Goalkeeper,Hajduk Split,/ivica-ivusic/profil/spieler/160482
833313,Toni Silic,33,1,Goalkeeper,Hajduk Split,/toni-silic/profil/spieler/833313
724273,Roko Brajkovic,28,4,Forward,Hajduk Split,/roko-brajkovic/profil/spieler/724273
892168,Luka Hodak,38,2,Defender,Hajduk Split,/luka-hodak/profil/spieler/892168
693906,Abdoulie Sanyang,7,4,Forward,Hajduk Split,/abdoulie-sanyang/profil/spieler/693906
635347,Alberto del Moral,20,3,Midfield,Hajduk Split,/alberto-del-moral/profil/spieler/635347
815036,Etnik Brruti,19,3,Midfield,Hajduk Split,/etnik-brruti/profil/spieler/815036
405892,Alec Van Hoorenbeeck,5,2,Defender,Hajduk Split,/alec-van-hoorenbeeck/profil/spieler/405892
944355,Mathieu Acapandié,22,2,Defender,Hajduk Split,/mathieu-acapandie/profil/spieler/944355
434557,Mihael Zaper,45,3,Midfield,Hajduk Split,/mihael-zaper/profil/spieler/434557
644900,Dalisson de Almeida,9,3,Midfield,Hajduk Split,/dalisson-de-almeida/profil/spieler/644900
238500,Dario Melnjak,17,2,Defender,Hajduk Split,/dario-melnjak/profil/spieler/238500
815041,Ron Raci,14,2,Defender,Hajduk Split,/ron-raci/profil/spieler/815041
1048583,Marino Skelin,36,2,Defender,Hajduk Split,/marino-skelin/profil/spieler/1048583
1375377,Adam Guram,26,3,Midfield,Hajduk Split,/adam-guram/profil/spieler/1375377
1411272,Roko Gabric,3,2,Defender,Hajduk Split,/roko-gabric/profil/spieler/1411272
955285,Davyd Fesyuk,99,1,Goalkeeper,Hajduk Split,/davyd-fesyuk/profil/spieler/955285
892179,Dominik Babic,0,4,Forward,Hajduk Split,/dominik-babic/profil/spieler/892179
86635,Dante Stipica,44,1,Goalkeeper,Hajduk Split,/dante-stipica/profil/spieler/86635
1133053,Andjelo Sutalo,16,3,Midfield,Hajduk Split,/andjelo-sutalo/profil/spieler/1133053
1137942,Duje Milisic,0,2,Defender,Hajduk Split,/duje-milisic/profil/spieler/1137942
1172614,Ivano Ora,0,3,Midfield,Hajduk Split,/ivano-ora/profil/spieler/1172614
1301010,Sebastijan Kajtazi,0,3,Midfield,Hajduk Split,/sebastijan-kajtazi/profil/spieler/1301010
1305641,Duje Pranic,0,4,Forward,Hajduk Split,/duje-pranic/profil/spieler/1305641
1329649,Luka Banovic,0,2,Defender,Hajduk Split,/luka-banovic/profil/spieler/1329649
1506539,Peter Nnaemeka Ugwuodo,42,4,Forward,Hajduk Split,/peter-nnaemeka-ugwuodo/profil/spieler/1506539
1587317,Raymond Anthony,0,2,Defender,Hajduk Split,/raymond-anthony/profil/spieler/1587317
1329836,Andria Bartishvili,11,3,Midfield,Iberia 1999,/andria-bartishvili/profil/spieler/1329836
1077440,Aleksandre Amisulashvili,25,2,Defender,Iberia 1999,/aleksandre-amisulashvili/profil/spieler/1077440
819493,Eldar Kuliyev,23,3,Midfield,Iberia 1999,/eldar-kuliyev/profil/spieler/819493
412615,Giorgi Kutsia,27,3,Midfield,Iberia 1999,/giorgi-kutsia/profil/spieler/412615
502665,Jemali-Giorgi Jinjolava,5,2,Defender,Iberia 1999,/jemali-giorgi-jinjolava/profil/spieler/502665
982540,Sebastián Figueredo,22,2,Defender,Iberia 1999,/sebastian-figueredo/profil/spieler/982540
1240709,Nikoloz Dadiani,6,3,Midfield,Iberia 1999,/nikoloz-dadiani/profil/spieler/1240709
1160078,Vakho Bedoshvili,24,4,Forward,Iberia 1999,/vakho-bedoshvili/profil/spieler/1160078
351072,Vahid Selimovic,4,2,Defender,Iberia 1999,/vahid-selimovic/profil/spieler/351072
945467,Amiran Dzagania,9,4,Forward,Iberia 1999,/amiran-dzagania/profil/spieler/945467
716810,Phillip Cancar,0,2,Defender,Iberia 1999,/phillip-cancar/profil/spieler/716810
234341,Bakar Kardava,8,3,Midfield,Iberia 1999,/bakar-kardava/profil/spieler/234341
364295,Ibrahim Alhassan,14,3,Midfield,Iberia 1999,/ibrahim-alhassan/profil/spieler/364295
682856,Zviad Natchkebia,10,4,Forward,Iberia 1999,/zviad-natchkebia/profil/spieler/682856
1093929,Lucas Café,18,3,Midfield,Iberia 1999,/lucas-cafe/profil/spieler/1093929
319447,Giorgi Kobuladze,40,2,Defender,Iberia 1999,/giorgi-kobuladze/profil/spieler/319447
916242,Nika Sikharulashvili,19,4,Forward,Iberia 1999,/nika-sikharulashvili/profil/spieler/916242
1196163,Daniel Kvartskhava,7,4,Forward,Iberia 1999,/daniel-kvartskhava/profil/spieler/1196163
1184106,Giorgi Gogsadze,2,2,Defender,Iberia 1999,/giorgi-gogsadze/profil/spieler/1184106
55977,Giorgi Makaridze,31,1,Goalkeeper,Iberia 1999,/giorgi-makaridze/profil/spieler/55977
539985,Tornike Megrelishvili,1,1,Goalkeeper,Iberia 1999,/tornike-megrelishvili/profil/spieler/539985
888024,Revaz Kurtanidze,16,1,Goalkeeper,Iberia 1999,/revaz-kurtanidze/profil/spieler/888024
566671,Lado Chikhradze,29,4,Forward,Iberia 1999,/lado-chikhradze/profil/spieler/566671
1392025,Nikoloz Bochorishvili,30,2,Defender,Iberia 1999,/nikoloz-bochorishvili/profil/spieler/1392025
1335779,Stephen Ende,17,4,Forward,Iberia 1999,/stephen-ende/profil/spieler/1335779
900482,Tengo Gobeshia,34,2,Defender,Iberia 1999,/tengo-gobeshia/profil/spieler/900482
1474254,Borja Arellano,0,4,Forward,Inter Escaldes,/borja-arellano/profil/spieler/1474254
632370,Faysal Chouaib,9,4,Forward,Inter Escaldes,/faysal-chouaib/profil/spieler/632370
537366,Maurizio Pochettino,24,4,Forward,Inter Escaldes,/maurizio-pochettino/profil/spieler/537366
396107,Javi Díaz,13,1,Goalkeeper,Inter Escaldes,/javi-diaz/profil/spieler/396107
339122,Domi Berlanga,11,4,Forward,Inter Escaldes,/domi-berlanga/profil/spieler/339122
374082,Antonio Otegui,14,3,Midfield,Inter Escaldes,/antonio-otegui/profil/spieler/374082
686069,Jaouad Erraji,5,2,Defender,Inter Escaldes,/jaouad-erraji/profil/spieler/686069
711963,David López,8,3,Midfield,Inter Escaldes,/david-lopez/profil/spieler/711963
263343,Víctor Alonso,6,3,Midfield,Inter Escaldes,/victor-alonso/profil/spieler/263343
274556,Jilmar Torres,3,2,Defender,Inter Escaldes,/jilmar-torres/profil/spieler/274556
566875,Rafinha,0,4,Forward,Inter Escaldes,/rafinha/profil/spieler/566875
720519,Pablo Molina,19,3,Midfield,Inter Escaldes,/pablo-molina/profil/spieler/720519
1319364,Juanda Terrádez,1,1,Goalkeeper,Inter Escaldes,/juanda-terradez/profil/spieler/1319364
1131071,Anwar Hernández,2,2,Defender,Inter Escaldes,/anwar-hernandez/profil/spieler/1131071
547255,Dacu,17,2,Defender,Inter Escaldes,/dacu/profil/spieler/547255
510999,Kaxe,0,4,Forward,Inter Escaldes,/kaxe/profil/spieler/510999
162039,Juan Cámara,7,3,Midfield,Inter Escaldes,/juan-camara/profil/spieler/162039
200612,Pol Freixanet,0,1,Goalkeeper,Inter Escaldes,/pol-freixanet/profil/spieler/200612
170504,Robin Lafarge,0,2,Defender,Inter Escaldes,/robin-lafarge/profil/spieler/170504
323868,Klebinho,31,2,Defender,Inter Escaldes,/klebinho/profil/spieler/323868
1060824,Arnau Sans,20,3,Midfield,Inter Escaldes,/arnau-sans/profil/spieler/1060824
883283,Soule Sidibe,0,4,Forward,Inter Escaldes,/soule-sidibe/profil/spieler/883283
689563,Álex Sánchez,4,2,Defender,Inter Escaldes,/alex-sanchez/profil/spieler/689563
845626,Marc Vargas,0,2,Defender,Inter Escaldes,/marc-vargas/profil/spieler/845626
943867,Marc Rodríguez,21,2,Defender,Inter Escaldes,/marc-rodriguez/profil/spieler/943867
1194242,Adria Figueiredo,0,4,Forward,Inter Escaldes,/adria-figueiredo/profil/spieler/1194242
1427905,Lamine Diaby,23,3,Midfield,Inter Escaldes,/lamine-diaby/profil/spieler/1427905
1061614,Marc Jurado,14,2,Defender,Inter Escaldes,/marc-jurado/profil/spieler/1061614
1461224,Pol Cabanes,28,2,Defender,Inter Escaldes,/pol-cabanes/profil/spieler/1461224
929090,Franculino,7,4,Forward,Midtjylland,/franculino/profil/spieler/929090
881116,Darío Osorio,11,4,Forward,Midtjylland,/dario-osorio/profil/spieler/881116
369684,Rasmus Nissen Kristensen,5,2,Defender,Midtjylland,/rasmus-nissen-kristensen/profil/spieler/369684
1099668,Ousmane Diao,4,2,Defender,Midtjylland,/ousmane-diao/profil/spieler/1099668
941418,Denil Castillo,21,3,Midfield,Midtjylland,/denil-castillo/profil/spieler/941418
320411,Philip Billing,8,3,Midfield,Midtjylland,/philip-billing/profil/spieler/320411
372240,Mads Bech Sørensen,22,2,Defender,Midtjylland,/mads-bech-sorensen/profil/spieler/372240
357003,Martin Erlić,6,2,Defender,Midtjylland,/martin-erlic/profil/spieler/357003
623772,Victor Bak,55,2,Defender,Midtjylland,/victor-bak/profil/spieler/623772
742518,Pedro Bravo,19,3,Midfield,Midtjylland,/pedro-bravo/profil/spieler/742518
464373,Elías Ólafsson,1,1,Goalkeeper,Midtjylland,/elias-olafsson/profil/spieler/464373
937680,Mikel Gogorza,41,4,Forward,Midtjylland,/mikel-gogorza/profil/spieler/937680
652537,Gue-sung Cho,10,4,Forward,Midtjylland,/gue-sung-cho/profil/spieler/652537
264423,Mikael Uhre,17,4,Forward,Midtjylland,/mikael-uhre/profil/spieler/264423
884810,Kjell Wätjen,29,3,Midfield,Midtjylland,/kjell-watjen/profil/spieler/884810
372445,Dani Silva,80,3,Midfield,Midtjylland,/dani-silva/profil/spieler/372445
524590,Júnior Brumado,74,4,Forward,Midtjylland,/junior-brumado/profil/spieler/524590
490309,Edward Chilufya,14,4,Forward,Midtjylland,/edward-chilufya/profil/spieler/490309
448471,Magnus Jensen,3,2,Defender,Midtjylland,/magnus-jensen/profil/spieler/448471
929600,Friday Etim,90,4,Forward,Midtjylland,/friday-etim/profil/spieler/929600
1017247,Sofus Johannesen,27,3,Midfield,Midtjylland,/sofus-johannesen/profil/spieler/1017247
534015,Nordin Bakker,25,1,Goalkeeper,Midtjylland,/nordin-bakker/profil/spieler/534015
1171600,Alamara Djabi,33,3,Midfield,Midtjylland,/alamara-djabi/profil/spieler/1171600
586987,Ovie Ejeheri,30,1,Goalkeeper,Midtjylland,/ovie-ejeheri/profil/spieler/586987
1003546,Mark Ugboh,60,1,Goalkeeper,Midtjylland,/mark-ugboh/profil/spieler/1003546
1171602,Stanley Iheanacho,18,4,Forward,Midtjylland,/stanley-iheanacho/profil/spieler/1171602
1187887,Béni Junior,15,2,Defender,Midtjylland,/beni-junior/profil/spieler/1187887
1261825,Julius Emefile,38,4,Forward,Midtjylland,/julius-emefile/profil/spieler/1261825
1283409,Abdou Aziz Ndiaye,34,2,Defender,Midtjylland,/abdou-aziz-ndiaye/profil/spieler/1283409
148455,Mohamed Salah,10,4,Forward,Trabzonspor,/mohamed-salah/profil/spieler/148455
225693,Fabinho,6,3,Midfield,Trabzonspor,/fabinho/profil/spieler/225693
1072017,Wagner Pina,20,2,Defender,Trabzonspor,/wagner-pina/profil/spieler/1072017
665048,Arseniy Batagov,44,2,Defender,Trabzonspor,/arseniy-batagov/profil/spieler/665048
583917,Ernest Muci,7,3,Midfield,Trabzonspor,/ernest-muci/profil/spieler/583917
671669,Noah Saviolo,70,4,Forward,Trabzonspor,/noah-saviolo/profil/spieler/671669
611855,Sidny Lopes Cabral,55,2,Defender,Trabzonspor,/sidny-lopes-cabral/profil/spieler/611855
514887,Aral Şimşir,58,4,Forward,Trabzonspor,/aral-simsir/profil/spieler/514887
985825,Chibuike Nwaiwu,27,2,Defender,Trabzonspor,/chibuike-nwaiwu/profil/spieler/985825
234509,André Onana,24,1,Goalkeeper,Trabzonspor,/andre-onana/profil/spieler/234509
395234,Batista Mendy,0,3,Midfield,Trabzonspor,/batista-mendy/profil/spieler/395234
674241,Tim Jabol-Folcarelli,26,3,Midfield,Trabzonspor,/tim-jabol-folcarelli/profil/spieler/674241
272855,Paul Onuachu,30,4,Forward,Trabzonspor,/paul-onuachu/profil/spieler/272855
783094,Benjamin Bouchouari,8,3,Midfield,Trabzonspor,/benjamin-bouchouari/profil/spieler/783094
390379,Mustafa Eskihellaç,19,2,Defender,Trabzonspor,/mustafa-eskihellac/profil/spieler/390379
615350,Cenk Özkacar,39,2,Defender,Trabzonspor,/cenk-ozkacar/profil/spieler/615350
207877,Ruslan Malinovskyi,17,3,Midfield,Trabzonspor,/ruslan-malinovskyi/profil/spieler/207877
743376,Cihan Çanak,0,4,Forward,Trabzonspor,/cihan-canak/profil/spieler/743376
405399,Denis Drăguș,0,4,Forward,Trabzonspor,/denis-dragus/profil/spieler/405399
236471,Ozan Tufan,11,3,Midfield,Trabzonspor,/ozan-tufan/profil/spieler/236471
156941,John Lundstram,0,3,Midfield,Trabzonspor,/john-lundstram/profil/spieler/156941
137616,Okay Yokuşlu,5,3,Midfield,Trabzonspor,/okay-yokuslu/profil/spieler/137616
295024,Samet Akaydin,4,2,Defender,Trabzonspor,/samet-akaydin/profil/spieler/295024
1054214,Onuralp Çevikkan,25,1,Goalkeeper,Trabzonspor,/onuralp-cevikkan/profil/spieler/1054214
1241698,René Mitongo,49,4,Forward,Trabzonspor,/rene-mitongo/profil/spieler/1241698
275683,Melih Kabasakal,57,3,Midfield,Trabzonspor,/melih-kabasakal/profil/spieler/275683
248271,Umut Nayir,14,4,Forward,Trabzonspor,/umut-nayir/profil/spieler/248271
294100,Metehan Mimaroğlu,77,4,Forward,Trabzonspor,/metehan-mimaroglu/profil/spieler/294100
107010,Stefan Savić,15,2,Defender,Trabzonspor,/stefan-savic/profil/spieler/107010
1174140,Ahmet Yıldırım,1,1,Goalkeeper,Trabzonspor,/ahmet-yildirim/profil/spieler/1174140
1152080,Erol Can Çolak,96,1,Goalkeeper,Trabzonspor,/erol-can-colak/profil/spieler/1152080
1162160,Maher Carrizo,7,4,Forward,Copenhagen,/maher-carrizo/profil/spieler/1162160
448705,Diant Ramaj,41,1,Goalkeeper,Copenhagen,/diant-ramaj/profil/spieler/448705
742095,Gabriel Pereira,5,2,Defender,Copenhagen,/gabriel-pereira/profil/spieler/742095
668529,Rodrigo Huescas,13,2,Defender,Copenhagen,/rodrigo-huescas/profil/spieler/668529
467720,Youssoufa Moukoko,9,4,Forward,Copenhagen,/youssoufa-moukoko/profil/spieler/467720
186644,Mohamed Elyounoussi,10,4,Forward,Copenhagen,/mohamed-elyounoussi/profil/spieler/186644
1072751,Viktor Dadason,39,4,Forward,Copenhagen,/viktor-dadason/profil/spieler/1072751
489929,Magnus Mattsson,8,3,Midfield,Copenhagen,/magnus-mattsson/profil/spieler/489929
432175,Marcos López,15,2,Defender,Copenhagen,/marcos-lopez/profil/spieler/432175
805054,William Clem,36,3,Midfield,Copenhagen,/william-clem/profil/spieler/805054
848856,Junnosuke Suzuki,20,2,Defender,Copenhagen,/junnosuke-suzuki/profil/spieler/848856
322293,Felix Beijmo,2,2,Defender,Copenhagen,/felix-beijmo/profil/spieler/322293
1073747,Dominik Sarapata,23,3,Midfield,Copenhagen,/dominik-sarapata/profil/spieler/1073747
337333,Alex Král,33,3,Midfield,Copenhagen,/alex-kral/profil/spieler/337333
422950,Mads Emil Madsen,21,3,Midfield,Copenhagen,/mads-emil-madsen/profil/spieler/422950
1084714,Robert,16,4,Forward,Copenhagen,/robert/profil/spieler/1084714
260846,Asger Sørensen,4,2,Defender,Copenhagen,/asger-sorensen/profil/spieler/260846
983330,Thapelo Maseko,12,4,Forward,Copenhagen,/thapelo-maseko/profil/spieler/983330
282250,Birger Meling,24,2,Defender,Copenhagen,/birger-meling/profil/spieler/282250
1314350,Kenay Myrie,18,2,Defender,Copenhagen,/kenay-myrie/profil/spieler/1314350
1123192,Ákos Markgráf,6,2,Defender,Copenhagen,/akos-markgraf/profil/spieler/1123192
1123210,Hunor Németh,28,3,Midfield,Copenhagen,/hunor-nemeth/profil/spieler/1123210
91849,Thomas Delaney,27,3,Midfield,Copenhagen,/thomas-delaney/profil/spieler/91849
1489163,Geovanni Vianney Ndjee,44,4,Forward,Copenhagen,/geovanni-vianney-ndjee/profil/spieler/1489163
205657,Rúnar Alex Rúnarsson,31,1,Goalkeeper,Copenhagen,/runar-alex-runarsson/profil/spieler/205657
203412,Andreas Cornelius,14,4,Forward,Copenhagen,/andreas-cornelius/profil/spieler/203412
1068117,Liam West,26,4,Forward,Copenhagen,/liam-west/profil/spieler/1068117
1042870,Tobias Breum-Harild,51,1,Goalkeeper,Copenhagen,/tobias-breum-harild/profil/spieler/1042870
1124005,Christantus Uche,0,4,Forward,Getafe,/christantus-uche/profil/spieler/1124005
948273,Mario Martín,6,3,Midfield,Getafe,/mario-martin/profil/spieler/948273
640109,Martín Satriano,10,4,Forward,Getafe,/martin-satriano/profil/spieler/640109
289592,Orel Mangala,23,3,Midfield,Getafe,/orel-mangala/profil/spieler/289592
251106,Enes Ünal,19,4,Forward,Getafe,/enes-unal/profil/spieler/251106
1063329,Andrés García,21,2,Defender,Getafe,/andres-garcia/profil/spieler/1063329
298976,Borja Mayoral,9,4,Forward,Getafe,/borja-mayoral/profil/spieler/298976
559979,Abdel Abqar,5,2,Defender,Getafe,/abdel-abqar/profil/spieler/559979
783396,Ramón Terrats,11,3,Midfield,Getafe,/ramon-terrats/profil/spieler/783396
632930,Francho Serrano,16,3,Midfield,Getafe,/francho-serrano/profil/spieler/632930
226012,David Soria,13,1,Goalkeeper,Getafe,/david-soria/profil/spieler/226012
741142,Zaid Romero,24,2,Defender,Getafe,/zaid-romero/profil/spieler/741142
74294,Nemanja Gudelj,8,3,Midfield,Getafe,/nemanja-gudelj/profil/spieler/74294
469669,Yvan Neyou,16,3,Midfield,Getafe,/yvan-neyou/profil/spieler/469669
339079,Jiri Letacek,1,1,Goalkeeper,Getafe,/jiri-letacek/profil/spieler/339079
461843,Juan Berrocal,20,2,Defender,Getafe,/juan-berrocal/profil/spieler/461843
262939,Johan Mojica,22,2,Defender,Getafe,/johan-mojica/profil/spieler/262939
898352,Sebastián Boselli,15,2,Defender,Getafe,/sebastian-boselli/profil/spieler/898352
221150,Dakonam Djené,2,2,Defender,Getafe,/dakonam-djene/profil/spieler/221150
126737,Juanmi,7,4,Forward,Getafe,/juanmi/profil/spieler/126737
1268764,Davinchi,3,2,Defender,Getafe,/davinchi/profil/spieler/1268764
655456,Saba Sazonov,4,2,Defender,Getafe,/saba-sazonov/profil/spieler/655456
76467,Kiko Femenía,17,2,Defender,Getafe,/kiko-femenia/profil/spieler/76467
1305564,Jean Ives Valou,26,2,Defender,Getafe,/jean-ives-valou/profil/spieler/1305564
503770,Folarin Balogun,9,4,Forward,Monaco,/folarin-balogun/profil/spieler/503770
918969,Lamine Camara,8,3,Midfield,Monaco,/lamine-camara/profil/spieler/918969
334526,Denis Zakaria,6,3,Midfield,Monaco,/denis-zakaria/profil/spieler/334526
659543,Matthis Abline,11,4,Forward,Monaco,/matthis-abline/profil/spieler/659543
263918,Aleksandr Golovin,10,3,Midfield,Monaco,/aleksandr-golovin/profil/spieler/263918
789082,Vanderson,2,2,Defender,Monaco,/vanderson/profil/spieler/789082
1171981,Mathys Detourbet,7,4,Forward,Monaco,/mathys-detourbet/profil/spieler/1171981
1005240,Christian Mawissa,13,2,Defender,Monaco,/christian-mawissa/profil/spieler/1005240
364245,Jordan Teze,4,2,Defender,Monaco,/jordan-teze/profil/spieler/364245
466810,Ansu Fati,31,4,Forward,Monaco,/ansu-fati/profil/spieler/466810
565821,Mika Biereth,14,4,Forward,Monaco,/mika-biereth/profil/spieler/565821
745173,Mamadou Coulibaly,28,3,Midfield,Monaco,/mamadou-coulibaly/profil/spieler/745173
228948,Thilo Kehrer,5,2,Defender,Monaco,/thilo-kehrer/profil/spieler/228948
165793,Takumi Minamino,18,4,Forward,Monaco,/takumi-minamino/profil/spieler/165793
563963,Mohammed Salisu,22,2,Defender,Monaco,/mohammed-salisu/profil/spieler/563963
1111777,Sadibou Sané,72,2,Defender,Monaco,/sadibou-sane/profil/spieler/1111777
668587,Nazinho,20,2,Defender,Monaco,/nazinho/profil/spieler/668587
743387,Stanis Idumbo,17,3,Midfield,Monaco,/stanis-idumbo/profil/spieler/743387
175722,Eric Dier,15,2,Defender,Monaco,/eric-dier/profil/spieler/175722
251322,Philipp Köhn,16,1,Goalkeeper,Monaco,/philipp-kohn/profil/spieler/251322
745178,Edan Diop,37,3,Midfield,Monaco,/edan-diop/profil/spieler/745178
918414,Paris Brunner,29,4,Forward,Monaco,/paris-brunner/profil/spieler/918414
48015,Lukas Hradecky,1,1,Goalkeeper,Monaco,/lukas-hradecky/profil/spieler/48015
1075588,Pape Cabral,19,3,Midfield,Monaco,/pape-cabral/profil/spieler/1075588
981700,Samuel Nibombe,44,2,Defender,Monaco,/samuel-nibombe/profil/spieler/981700
745341,Yann Lienard,50,1,Goalkeeper,Monaco,/yann-lienard/profil/spieler/745341
490971,Kristall Máni Ingason,10,3,Midfield,SK Brann,/kristall-mani-ingason/profil/spieler/490971
399151,Sævar Atli Magnússon,22,4,Forward,SK Brann,/saevar-atli-magnusson/profil/spieler/399151
1281099,Nana Kwame Boakye,4,2,Defender,SK Brann,/nana-kwame-boakye/profil/spieler/1281099
892045,Niklas Jensen Wassberg,25,3,Midfield,SK Brann,/niklas-jensen-wassberg/profil/spieler/892045
751105,Eggert Aron Gudmundsson,19,3,Midfield,SK Brann,/eggert-aron-gudmundsson/profil/spieler/751105
503640,Neraysho Kasanwirjo,21,2,Defender,SK Brann,/neraysho-kasanwirjo/profil/spieler/503640
494177,Noah Holm,29,4,Forward,SK Brann,/noah-holm/profil/spieler/494177
390664,Jacob Lungi Sørensen,18,3,Midfield,SK Brann,/jacob-lungi-sorensen/profil/spieler/390664
210348,Sondre Tronstad,0,3,Midfield,SK Brann,/sondre-tronstad/profil/spieler/210348
501629,Leo Cornic,2,2,Defender,SK Brann,/leo-cornic/profil/spieler/501629
410557,Niklas Castro,9,4,Forward,SK Brann,/niklas-castro/profil/spieler/410557
228006,Mathias Dyngeland,1,1,Goalkeeper,SK Brann,/mathias-dyngeland/profil/spieler/228006
430031,Ulrik Mathisen,14,4,Forward,SK Brann,/ulrik-mathisen/profil/spieler/430031
321644,Kristian Eriksen,16,3,Midfield,SK Brann,/kristian-eriksen/profil/spieler/321644
736962,Simen Vidtun Nilsen,12,1,Goalkeeper,SK Brann,/simen-vidtun-nilsen/profil/spieler/736962
347849,Fredrik Pallesen Knudsen,3,2,Defender,SK Brann,/fredrik-pallesen-knudsen/profil/spieler/347849
202925,Bård Finne,11,4,Forward,SK Brann,/bard-finne/profil/spieler/202925
326875,Joachim Soltvedt,17,2,Defender,SK Brann,/joachim-soltvedt/profil/spieler/326875
1069171,Julian Lægreid,39,4,Forward,SK Brann,/julian-laegreid/profil/spieler/1069171
320046,Vetle Dragsnes,20,2,Defender,SK Brann,/vetle-dragsnes/profil/spieler/320046
923538,Jonas Torsvik,15,2,Defender,SK Brann,/jonas-torsvik/profil/spieler/923538
268151,Thore Pedersen,23,2,Defender,SK Brann,/thore-pedersen/profil/spieler/268151
503256,Sakarias Opsahl,5,3,Midfield,SK Brann,/sakarias-opsahl/profil/spieler/503256
738480,Tom Bramel,0,1,Goalkeeper,SK Brann,/tom-bramel/profil/spieler/738480
1015874,Kjartan Már Kjartansson,7,3,Midfield,SK Brann,/kjartan-mar-kjartansson/profil/spieler/1015874
1450600,Håkon Hellesøy,36,1,Goalkeeper,SK Brann,/hakon-hellesoy/profil/spieler/1450600
1513693,Chinedu Cyprain Ononogbo,30,4,Forward,SK Brann,/chinedu-cyprain-ononogbo/profil/spieler/1513693
686232,Ștefan Baiaram,10,4,Forward,Univ. Craiova,/stefan-baiaram/profil/spieler/686232
295810,Alexandru Cicâldău,20,3,Midfield,Univ. Craiova,/alexandru-cicaldau/profil/spieler/295810
418219,Vladimir Screciu,6,2,Defender,Univ. Craiova,/vladimir-screciu/profil/spieler/418219
568617,Răzvan Sava,90,1,Goalkeeper,Univ. Craiova,/razvan-sava/profil/spieler/568617
553772,Oleksandr Romanchuk,3,2,Defender,Univ. Craiova,/oleksandr-romanchuk/profil/spieler/553772
740789,Carlos Mora,17,3,Midfield,Univ. Craiova,/carlos-mora/profil/spieler/740789
518451,Assad Al-Hamlawi,9,4,Forward,Univ. Craiova,/assad-al-hamlawi/profil/spieler/518451
502671,Anzor Mekvabishvili,5,3,Midfield,Univ. Craiova,/anzor-mekvabishvili/profil/spieler/502671
1112690,David Matei,30,4,Forward,Univ. Craiova,/david-matei/profil/spieler/1112690
433976,Tudor Băluță,8,3,Midfield,Univ. Craiova,/tudor-baluta/profil/spieler/433976
804661,Simon Elisor,22,4,Forward,Univ. Craiova,/simon-elisor/profil/spieler/804661
421927,Adrian Rus,28,2,Defender,Univ. Craiova,/adrian-rus/profil/spieler/421927
271289,Laurențiu Popescu,21,1,Goalkeeper,Univ. Craiova,/laurentiu-popescu/profil/spieler/271289
726033,Pavlo Isenko,77,1,Goalkeeper,Univ. Craiova,/pavlo-isenko/profil/spieler/726033
597165,Samuel Teles,23,3,Midfield,Univ. Craiova,/samuel-teles/profil/spieler/597165
830113,Steven Nsimba,7,4,Forward,Univ. Craiova,/steven-nsimba/profil/spieler/830113
213195,Nicușor Bancu,11,2,Defender,Univ. Craiova,/nicusor-bancu/profil/spieler/213195
425733,Nikola Stevanovic,24,2,Defender,Univ. Craiova,/nikola-stevanovic/profil/spieler/425733
445517,Heri Tavares,19,4,Forward,Univ. Craiova,/heri-tavares/profil/spieler/445517
505999,Monday Etim,12,4,Forward,Univ. Craiova,/monday-etim/profil/spieler/505999
1017320,Mihnea Rădulescu,18,4,Forward,Univ. Craiova,/mihnea-radulescu/profil/spieler/1017320
882003,Ronaldo Webster,31,2,Defender,Univ. Craiova,/ronaldo-webster/profil/spieler/882003
937066,Luca Băsceanu,29,4,Forward,Univ. Craiova,/luca-basceanu/profil/spieler/937066
216661,Alexandru Crețu,4,3,Midfield,Univ. Craiova,/alexandru-cretu/profil/spieler/216661
970199,Alexandru Maxim,0,1,Goalkeeper,Univ. Craiova,/alexandru-maxim/profil/spieler/970199
972439,Alexandru Iamandache,14,4,Forward,Univ. Craiova,/alexandru-iamandache/profil/spieler/972439
901037,Reginaldo Ramires,10,4,Forward,Riga,/reginaldo-ramires/profil/spieler/901037
1122898,Caio,99,4,Forward,Riga,/caio/profil/spieler/1122898
1086632,Abner,3,2,Defender,Riga,/abner/profil/spieler/1086632
369384,Mohamed Badamosi,19,4,Forward,Riga,/mohamed-badamosi/profil/spieler/369384
549756,Orlando Galo,4,3,Midfield,Riga,/orlando-galo/profil/spieler/549756
669921,Ahmed Ankrah,40,3,Midfield,Riga,/ahmed-ankrah/profil/spieler/669921
831697,Iago Siqueira,8,3,Midfield,Riga,/iago-siqueira/profil/spieler/831697
271099,Antonijs Cernomordijs,34,2,Defender,Riga,/antonijs-cernomordijs/profil/spieler/271099
1010647,Raki Aouani,7,4,Forward,Riga,/raki-aouani/profil/spieler/1010647
892010,Baba Musah,21,2,Defender,Riga,/baba-musah/profil/spieler/892010
230631,Raivis Jurkovskis,13,2,Defender,Riga,/raivis-jurkovskis/profil/spieler/230631
487756,Renars Varslavans,14,3,Midfield,Riga,/renars-varslavans/profil/spieler/487756
1010016,Juan Christian,70,4,Forward,Riga,/juan-christian/profil/spieler/1010016
880102,Meïssa Diop,22,4,Forward,Riga,/meissa-diop/profil/spieler/880102
559330,Salah Oulad,18,3,Midfield,Riga,/salah-oulad/profil/spieler/559330
464591,Maksims Tonisevs,23,2,Defender,Riga,/maksims-tonisevs/profil/spieler/464591
483362,Anthony Contreras,9,4,Forward,Riga,/anthony-contreras/profil/spieler/483362
627229,Paulo Eduardo,33,2,Defender,Riga,/paulo-eduardo/profil/spieler/627229
911065,Andrés Salazar,17,2,Defender,Riga,/andres-salazar/profil/spieler/911065
444605,Krisjanis Zviedris,1,1,Goalkeeper,Riga,/krisjanis-zviedris/profil/spieler/444605
700789,Nor Maviram,28,2,Defender,Riga,/nor-maviram/profil/spieler/700789
430754,Emils Birka,27,2,Defender,Riga,/emils-birka/profil/spieler/430754
350398,Abdulrahman Taiwo,25,4,Forward,Riga,/abdulrahman-taiwo/profil/spieler/350398
589588,Frenks Orols,91,1,Goalkeeper,Riga,/frenks-orols/profil/spieler/589588
1242053,Karl Gameni Wassom,5,3,Midfield,Riga,/karl-gameni-wassom/profil/spieler/1242053
669477,Athanasios Papadoudis,31,1,Goalkeeper,Riga,/athanasios-papadoudis/profil/spieler/669477
820633,Coli Saco,6,3,Midfield,Riga,/coli-saco/profil/spieler/820633
685806,Samuel Pedro,15,4,Forward,Riga,/samuel-pedro/profil/spieler/685806
1003588,Eriks Maurs-Boks,29,2,Defender,Riga,/eriks-maurs-boks/profil/spieler/1003588
1290246,Marcis Kazainis,44,1,Goalkeeper,Riga,/marcis-kazainis/profil/spieler/1290246
740596,Cláudio Braga,10,4,Forward,Heart of Midl.,/claudio-braga/profil/spieler/740596
515386,Beau Reus,1,1,Goalkeeper,Heart of Midl.,/beau-reus/profil/spieler/515386
978150,Ageu,8,3,Midfield,Heart of Midl.,/ageu/profil/spieler/978150
1041600,James Wilson,21,4,Forward,Heart of Midl.,/james-wilson/profil/spieler/1041600
165334,Stuart Findlay,17,2,Defender,Heart of Midl.,/stuart-findlay/profil/spieler/165334
973449,Rogers Mato,74,4,Forward,Heart of Midl.,/rogers-mato/profil/spieler/973449
244261,Calvin Miller,7,3,Midfield,Heart of Midl.,/calvin-miller/profil/spieler/244261
251587,Blair Spittal,16,3,Midfield,Heart of Midl.,/blair-spittal/profil/spieler/251587
607173,Jordi Altena,23,2,Defender,Heart of Midl.,/jordi-altena/profil/spieler/607173
599628,Tómas Bent Magnússon,22,3,Midfield,Heart of Midl.,/tomas-bent-magnusson/profil/spieler/599628
411267,Harry Milne,18,2,Defender,Heart of Midl.,/harry-milne/profil/spieler/411267
541448,Oisin McEntee,6,3,Midfield,Heart of Midl.,/oisin-mcentee/profil/spieler/541448
889618,Amadou Ba-Sy,77,4,Forward,Heart of Midl.,/amadou-ba-sy/profil/spieler/889618
796894,Sabri Guendouz,19,4,Forward,Heart of Midl.,/sabri-guendouz/profil/spieler/796894
424014,Josh McPake,15,4,Forward,Heart of Midl.,/josh-mcpake/profil/spieler/424014
184398,Stephen Kingsley,3,2,Defender,Heart of Midl.,/stephen-kingsley/profil/spieler/184398
253817,Craig Halkett,4,2,Defender,Heart of Midl.,/craig-halkett/profil/spieler/253817
396847,Elton Kabangu,20,4,Forward,Heart of Midl.,/elton-kabangu/profil/spieler/396847
367244,Christian Borchgrevink,2,2,Defender,Heart of Midl.,/christian-borchgrevink/profil/spieler/367244
695643,Tom Renaud,12,3,Midfield,Heart of Midl.,/tom-renaud/profil/spieler/695643
437852,Sander Kartum,27,3,Midfield,Heart of Midl.,/sander-kartum/profil/spieler/437852
332340,Yan Dhanda,31,3,Midfield,Heart of Midl.,/yan-dhanda/profil/spieler/332340
1032804,Sabah Kerjota,29,4,Forward,Heart of Midl.,/sabah-kerjota/profil/spieler/1032804
290801,Jamie McCart,5,2,Defender,Heart of Midl.,/jamie-mccart/profil/spieler/290801
644786,JJ Williams,9,4,Forward,Heart of Midl.,/jj-williams/profil/spieler/644786
649453,Pierre Landry Kaboré,11,4,Forward,Heart of Midl.,/pierre-landry-kabore/profil/spieler/649453
1091673,MJ Kamson-Kamara,24,2,Defender,Heart of Midl.,/mj-kamson-kamara/profil/spieler/1091673
98067,Zander Clark,28,1,Goalkeeper,Heart of Midl.,/zander-clark/profil/spieler/98067
887137,Finlay Pollock,33,3,Midfield,Heart of Midl.,/finlay-pollock/profil/spieler/887137
369523,Kieran Wright,34,1,Goalkeeper,Heart of Midl.,/kieran-wright/profil/spieler/369523
193861,Ryan Fulton,30,1,Goalkeeper,Heart of Midl.,/ryan-fulton/profil/spieler/193861
554173,Malachi Fagan-Walcott,64,2,Defender,Heart of Midl.,/malachi-fagan-walcott/profil/spieler/554173
1150286,Laurent Mendy,78,2,Defender,Heart of Midl.,/laurent-mendy/profil/spieler/1150286
1380311,Prince Amoako Junior,10,4,Forward,Nordsjaelland,/prince-amoako-junior/profil/spieler/1380311
514895,Alexander Lind,11,4,Forward,Nordsjaelland,/alexander-lind/profil/spieler/514895
927970,Juho Lähteenmäki,25,2,Defender,Nordsjaelland,/juho-lahteenmaki/profil/spieler/927970
1042873,Noah Markmann,4,2,Defender,Nordsjaelland,/noah-markmann/profil/spieler/1042873
677278,Ibrahim Adel,14,4,Forward,Nordsjaelland,/ibrahim-adel/profil/spieler/677278
814992,Runar Norheim,23,2,Defender,Nordsjaelland,/runar-norheim/profil/spieler/814992
293279,Mark Brink,6,3,Midfield,Nordsjaelland,/mark-brink/profil/spieler/293279
293326,Nicklas Røjkjær,8,3,Midfield,Nordsjaelland,/nicklas-rojkjaer/profil/spieler/293326
1146228,Justin Janssen,18,3,Midfield,Nordsjaelland,/justin-janssen/profil/spieler/1146228
431811,Ola Solbakken,9,4,Forward,Nordsjaelland,/ola-solbakken/profil/spieler/431811
162101,Andreas Hansen,13,1,Goalkeeper,Nordsjaelland,/andreas-hansen/profil/spieler/162101
1133737,Lamine Sadio,37,3,Midfield,Nordsjaelland,/lamine-sadio/profil/spieler/1133737
1088534,Villum Berthelsen,29,4,Forward,Nordsjaelland,/villum-berthelsen/profil/spieler/1088534
297990,Tobias Salquist,3,2,Defender,Nordsjaelland,/tobias-salquist/profil/spieler/297990
1268078,Stephen Acquah,15,2,Defender,Nordsjaelland,/stephen-acquah/profil/spieler/1268078
1110453,Markus Walker,28,2,Defender,Nordsjaelland,/markus-walker/profil/spieler/1110453
1042882,Malte Heyde,47,3,Midfield,Nordsjaelland,/malte-heyde/profil/spieler/1042882
214073,Carljohan Eriksson,22,1,Goalkeeper,Nordsjaelland,/carljohan-eriksson/profil/spieler/214073
146889,Peter Ankersen,2,2,Defender,Nordsjaelland,/peter-ankersen/profil/spieler/146889
1042877,Victor Gustafsen,32,2,Defender,Nordsjaelland,/victor-gustafsen/profil/spieler/1042877
1051640,Hjalte Boe Rasmussen,40,4,Forward,Nordsjaelland,/hjalte-boe-rasmussen/profil/spieler/1051640
203411,Jakob Busk,16,1,Goalkeeper,Nordsjaelland,/jakob-busk/profil/spieler/203411
1133778,Souleymane Alio,33,4,Forward,Nordsjaelland,/souleymane-alio/profil/spieler/1133778
1176783,Villads Rutkjær,35,2,Defender,Nordsjaelland,/villads-rutkjaer/profil/spieler/1176783
1069509,Matej Tuka,42,2,Defender,Nordsjaelland,/matej-tuka/profil/spieler/1069509
1115583,William Faber,49,4,Forward,Nordsjaelland,/william-faber/profil/spieler/1115583
1176747,Andreas Søndenbroe,31,1,Goalkeeper,Nordsjaelland,/andreas-sondenbroe/profil/spieler/1176747
1433697,Mouekeinga Kone,43,4,Forward,Nordsjaelland,/mouekeinga-kone/profil/spieler/1433697
1073632,Vasilije Kostov,22,3,Midfield,Red Star,/vasilije-kostov/profil/spieler/1073632
822458,Bamba Dieng,9,4,Forward,Red Star,/bamba-dieng/profil/spieler/822458
952771,Adem Avdic,71,2,Defender,Red Star,/adem-avdic/profil/spieler/952771
320854,Timi Max Elsnik,21,3,Midfield,Red Star,/timi-max-elsnik/profil/spieler/320854
645588,Tomás Händel,20,3,Midfield,Red Star,/tomas-handel/profil/spieler/645588
259953,Rade Krunic,33,3,Midfield,Red Star,/rade-krunic/profil/spieler/259953
422281,Muhammed Cham,70,3,Midfield,Red Star,/muhammed-cham/profil/spieler/422281
233129,Mirko Ivanic,4,3,Midfield,Red Star,/mirko-ivanic/profil/spieler/233129
748795,Franklin Tebo Uchenna,30,2,Defender,Red Star,/franklin-tebo-uchenna/profil/spieler/748795
414243,Mohammed Abu Fani,15,3,Midfield,Red Star,/mohammed-abu-fani/profil/spieler/414243
202228,Milos Veljkovic,13,2,Defender,Red Star,/milos-veljkovic/profil/spieler/202228
510782,Rodrigão,5,2,Defender,Red Star,/rodrigao/profil/spieler/510782
548650,Osman Bukari,14,4,Forward,Red Star,/osman-bukari/profil/spieler/548650
615033,Loizos Loizou,75,4,Forward,Red Star,/loizos-loizou/profil/spieler/615033
1111843,Mahmudu Bajo,6,3,Midfield,Red Star,/mahmudu-bajo/profil/spieler/1111843
177547,Matheus,1,1,Goalkeeper,Red Star,/matheus/profil/spieler/177547
41384,Marko Arnautovic,7,4,Forward,Red Star,/marko-arnautovic/profil/spieler/41384
706253,Vladimir Lucic,37,4,Forward,Red Star,/vladimir-lucic/profil/spieler/706253
346647,Yuta Nakayama,3,2,Defender,Red Star,/yuta-nakayama/profil/spieler/346647
241457,Derrick Luckassen,32,2,Defender,Red Star,/derrick-luckassen/profil/spieler/241457
932920,Stefan Gudelj,45,2,Defender,Red Star,/stefan-gudelj/profil/spieler/932920
1068235,Kristiyan Balov,8,4,Forward,Red Star,/kristiyan-balov/profil/spieler/1068235
692807,Ivan Gutesa,77,1,Goalkeeper,Red Star,/ivan-gutesa/profil/spieler/692807
271455,Mihailo Ristic,23,2,Defender,Red Star,/mihailo-ristic/profil/spieler/271455
1141848,Savo Radanovic,50,1,Goalkeeper,Red Star,/savo-radanovic/profil/spieler/1141848
139915,Aleksandar Katai,10,3,Midfield,Red Star,/aleksandar-katai/profil/spieler/139915
1122960,Dimitrije Saric,55,4,Forward,Red Star,/dimitrije-saric/profil/spieler/1122960
1300277,Matej Gashtarov,60,3,Midfield,Red Star,/matej-gashtarov/profil/spieler/1300277
1205973,Matej Strika,27,2,Defender,Red Star,/matej-strika/profil/spieler/1205973
927795,Ye-geon Kim,19,3,Midfield,Red Star,/ye-geon-kim/profil/spieler/927795
411661,Fernando Medeiros,7,3,Midfield,KF Egnatia,/fernando-medeiros/profil/spieler/411661
407347,Alessandro Albanese,10,3,Midfield,KF Egnatia,/alessandro-albanese/profil/spieler/407347
342476,Mario Dajsinani,98,1,Goalkeeper,KF Egnatia,/mario-dajsinani/profil/spieler/342476
271646,Karim Loukili,20,3,Midfield,KF Egnatia,/karim-loukili/profil/spieler/271646
486872,Eljon Sota,28,2,Defender,KF Egnatia,/eljon-sota/profil/spieler/486872
637117,Altin Kryeziu,17,3,Midfield,KF Egnatia,/altin-kryeziu/profil/spieler/637117
900386,Geralb Smajli,55,2,Defender,KF Egnatia,/geralb-smajli/profil/spieler/900386
547721,Zamiq Aliyev,4,2,Defender,KF Egnatia,/zamiq-aliyev/profil/spieler/547721
331508,Guillem Jaime,22,2,Defender,KF Egnatia,/guillem-jaime/profil/spieler/331508
734581,Soumaila Bakayoko,9,4,Forward,KF Egnatia,/soumaila-bakayoko/profil/spieler/734581
259218,Eneo Bitri,33,2,Defender,KF Egnatia,/eneo-bitri/profil/spieler/259218
631280,Andrey Yago,29,2,Defender,KF Egnatia,/andrey-yago/profil/spieler/631280
549758,Jurguens Montenegro,99,4,Forward,KF Egnatia,/jurguens-montenegro/profil/spieler/549758
647530,Ledio Beqja,0,3,Midfield,KF Egnatia,/ledio-beqja/profil/spieler/647530
1072848,Numan Ajetovikj,24,2,Defender,KF Egnatia,/numan-ajetovikj/profil/spieler/1072848
541011,Ildi Gruda,77,4,Forward,KF Egnatia,/ildi-gruda/profil/spieler/541011
295343,Edison Ndreca,16,2,Defender,KF Egnatia,/edison-ndreca/profil/spieler/295343
816490,Levan Tandilashvili,1,1,Goalkeeper,KF Egnatia,/levan-tandilashvili/profil/spieler/816490
1501499,Daniel Adjessa,2,4,Forward,KF Egnatia,/daniel-adjessa/profil/spieler/1501499
324845,Albano Aleksi,6,3,Midfield,KF Egnatia,/albano-aleksi/profil/spieler/324845
403050,Bruno Puja,12,1,Goalkeeper,KF Egnatia,/bruno-puja/profil/spieler/403050
646197,Alessandro Kacbufi,13,2,Defender,KF Egnatia,/alessandro-kacbufi/profil/spieler/646197
1145002,Ibrahim Diabaté,8,3,Midfield,KF Egnatia,/ibrahim-diabate/profil/spieler/1145002
1178065,Deivid Hoxha,0,4,Forward,KF Egnatia,/deivid-hoxha/profil/spieler/1178065
1172585,Daniel Afful,0,1,Goalkeeper,KF Egnatia,/daniel-afful/profil/spieler/1172585
1120216,Reis Bakalli,30,3,Midfield,KF Egnatia,/reis-bakalli/profil/spieler/1120216
1136305,Bjorni Duka,23,3,Midfield,KF Egnatia,/bjorni-duka/profil/spieler/1136305
1587440,Zyber Cullhaj,35,3,Midfield,KF Egnatia,/zyber-cullhaj/profil/spieler/1587440
707572,Pau Víctor,10,4,Forward,Braga,/pau-victor/profil/spieler/707572
1045972,Mario Dorgeles,20,3,Midfield,Braga,/mario-dorgeles/profil/spieler/1045972
495601,Víctor Gómez,2,2,Defender,Braga,/victor-gomez/profil/spieler/495601
485395,Gustaf Lagerbielke,14,2,Defender,Braga,/gustaf-lagerbielke/profil/spieler/485395
261927,Ricardo Horta,21,4,Forward,Braga,/ricardo-horta/profil/spieler/261927
631404,Gorby,29,3,Midfield,Braga,/gorby/profil/spieler/631404
580193,Bright Arrey-Mbi,26,2,Defender,Braga,/bright-arrey-mbi/profil/spieler/580193
875337,Demir Ege Tıknaz,34,3,Midfield,Braga,/demir-ege-tiknaz/profil/spieler/875337
943795,Jovan Milosevic,17,4,Forward,Braga,/jovan-milosevic/profil/spieler/943795
906948,Gabri Martínez,77,3,Midfield,Braga,/gabri-martinez/profil/spieler/906948
627224,Gabriel Silva,11,3,Midfield,Braga,/gabriel-silva/profil/spieler/627224
413118,Sikou Niakaté,0,2,Defender,Braga,/sikou-niakate/profil/spieler/413118
478317,Diogo Travassos,7,2,Defender,Braga,/diogo-travassos/profil/spieler/478317
669956,Leonardo Lelo,5,2,Defender,Braga,/leonardo-lelo/profil/spieler/669956
984540,Diego Rodrigues,50,3,Midfield,Braga,/diego-rodrigues/profil/spieler/984540
719646,Bernardo,31,1,Goalkeeper,Braga,/bernardo/profil/spieler/719646
284883,Fran Navarro,9,4,Forward,Braga,/fran-navarro/profil/spieler/284883
625206,Adrian Barisic,37,2,Defender,Braga,/adrian-barisic/profil/spieler/625206
391004,Jonas Wind,19,4,Forward,Braga,/jonas-wind/profil/spieler/391004
553062,Vítor Carvalho,6,2,Defender,Braga,/vitor-carvalho/profil/spieler/553062
938156,Tommy Marqués,16,3,Midfield,Braga,/tommy-marques/profil/spieler/938156
582987,Adrian Bajrami,44,2,Defender,Braga,/adrian-bajrami/profil/spieler/582987
678479,Denis Huseinbasic,23,3,Midfield,Braga,/denis-huseinbasic/profil/spieler/678479
589013,Bartlomiej Wdowik,0,2,Defender,Braga,/bartlomiej-wdowik/profil/spieler/589013
891971,João Marques,0,4,Forward,Braga,/joao-marques/profil/spieler/891971
929868,João Carvalho,78,1,Goalkeeper,Braga,/joao-carvalho/profil/spieler/929868
562058,Sergio Barcia,22,2,Defender,Braga,/sergio-barcia/profil/spieler/562058
1061378,Jonatás Noro,53,2,Defender,Braga,/jonatas-noro/profil/spieler/1061378
29364,João Moutinho,8,3,Midfield,Braga,/joao-moutinho/profil/spieler/29364
1075884,João Aragão,72,4,Forward,Braga,/joao-aragao/profil/spieler/1075884
286908,Tiago Sá,12,1,Goalkeeper,Braga,/tiago-sa/profil/spieler/286908
1333915,Luisinho,90,3,Midfield,Braga,/luisinho/profil/spieler/1333915
701224,Abdullah Iqbal,5,2,Defender,Mjällby AIF,/abdullah-iqbal/profil/spieler/701224
752778,Mads Enggård,0,3,Midfield,Mjällby AIF,/mads-enggard/profil/spieler/752778
416104,Axel Norén,4,2,Defender,Mjällby AIF,/axel-noren/profil/spieler/416104
328003,Robin Wallinder,13,1,Goalkeeper,Mjällby AIF,/robin-wallinder/profil/spieler/328003
660979,Jeppe Kjær,10,3,Midfield,Mjällby AIF,/jeppe-kjaer/profil/spieler/660979
668709,Martin Agnarsson,3,2,Defender,Mjällby AIF,/martin-agnarsson/profil/spieler/668709
501555,Viktor Gustafson,7,3,Midfield,Mjällby AIF,/viktor-gustafson/profil/spieler/501555
668731,Áki Samuelsen,23,4,Forward,Mjällby AIF,/aki-samuelsen/profil/spieler/668731
579761,Tony Miettinen,33,2,Defender,Mjällby AIF,/tony-miettinen/profil/spieler/579761
1342148,Romeo Arrhenius Leandersson,39,3,Midfield,Mjällby AIF,/romeo-arrhenius-leandersson/profil/spieler/1342148
223896,Jesper Gustavsson,22,3,Midfield,Mjällby AIF,/jesper-gustavsson/profil/spieler/223896
554726,Jacob Bergström,18,4,Forward,Mjällby AIF,/jacob-bergstrom/profil/spieler/554726
501568,Villiam Granath,14,3,Midfield,Mjällby AIF,/villiam-granath/profil/spieler/501568
501131,Ali Youssef,9,4,Forward,Mjällby AIF,/ali-youssef/profil/spieler/501131
675285,Ludvig Svanberg,2,2,Defender,Mjällby AIF,/ludvig-svanberg/profil/spieler/675285
469852,Ian Hoffmann,26,2,Defender,Mjällby AIF,/ian-hoffmann/profil/spieler/469852
363717,Timo Stavitski,11,4,Forward,Mjällby AIF,/timo-stavitski/profil/spieler/363717
807309,Max Nielsen,25,3,Midfield,Mjällby AIF,/max-nielsen/profil/spieler/807309
1140556,Villum Dalsgaard,0,4,Forward,Mjällby AIF,/villum-dalsgaard/profil/spieler/1140556
1072289,Sebastian Hansen,0,1,Goalkeeper,Mjällby AIF,/sebastian-hansen/profil/spieler/1072289
1030933,Ludvig Tidstrand,27,3,Midfield,Mjällby AIF,/ludvig-tidstrand/profil/spieler/1030933
95377,Tom Pettersson,24,2,Defender,Mjällby AIF,/tom-pettersson/profil/spieler/95377
184745,Alexander Lundin,35,1,Goalkeeper,Mjällby AIF,/alexander-lundin/profil/spieler/184745
1400913,Olle Lindberg,29,3,Midfield,Mjällby AIF,/olle-lindberg/profil/spieler/1400913
1069502,Måns Isaksson,20,3,Midfield,Mjällby AIF,/mans-isaksson/profil/spieler/1069502
1324494,Dani Hodzic,0,2,Defender,Mjällby AIF,/dani-hodzic/profil/spieler/1324494
1068963,Teo Helge,8,3,Midfield,Mjällby AIF,/teo-helge/profil/spieler/1068963
1394884,Olle Nilsson Löv,23,4,Forward,Mjällby AIF,/olle-nilsson-lov/profil/spieler/1394884
875328,Biel,20,4,Forward,Pafos,/biel/profil/spieler/875328
266768,Nicolas Moumi Ngamaleu,13,4,Forward,Pafos,/nicolas-moumi-ngamaleu/profil/spieler/266768
346546,Radoslaw Majecki,99,1,Goalkeeper,Pafos,/radoslaw-majecki/profil/spieler/346546
258018,Pêpê,88,3,Midfield,Pafos,/pepe/profil/spieler/258018
258034,Guga,6,3,Midfield,Pafos,/guga/profil/spieler/258034
319213,Vlad Dragomir,30,3,Midfield,Pafos,/vlad-dragomir/profil/spieler/319213
226097,Ivan Šunjić,26,3,Midfield,Pafos,/ivan-sunjic/profil/spieler/226097
1047097,Yoram Zague,2,2,Defender,Pafos,/yoram-zague/profil/spieler/1047097
739477,Jajá,11,4,Forward,Pafos,/jaja/profil/spieler/739477
383654,João Correia,77,4,Forward,Pafos,/joao-correia/profil/spieler/383654
391719,Domingos Quina,8,3,Midfield,Pafos,/domingos-quina/profil/spieler/391719
522714,Anderson Silva,33,4,Forward,Pafos,/anderson-silva/profil/spieler/522714
972864,Lelê,18,4,Forward,Pafos,/lele/profil/spieler/972864
252345,Ken Sema,12,2,Defender,Pafos,/ken-sema/profil/spieler/252345
367255,Bruno,7,2,Defender,Pafos,/bruno/profil/spieler/367255
265033,Nikolas Ioannou,14,2,Defender,Pafos,/nikolas-ioannou/profil/spieler/265033
480453,Jay Gorter,1,1,Goalkeeper,Pafos,/jay-gorter/profil/spieler/480453
278357,David Goldar,5,2,Defender,Pafos,/david-goldar/profil/spieler/278357
331840,Samy Mmaee,3,2,Defender,Pafos,/samy-mmaee/profil/spieler/331840
391377,Mons Bassouamina,9,4,Forward,Pafos,/mons-bassouamina/profil/spieler/391377
690891,Charalampos Kyriakidis,0,1,Goalkeeper,Pafos,/charalampos-kyriakidis/profil/spieler/690891
1074066,Murad Mammadov,47,4,Forward,Pafos,/murad-mammadov/profil/spieler/1074066
46741,David Luiz,4,2,Defender,Pafos,/david-luiz/profil/spieler/46741
1061568,Alexandre Brito,50,3,Midfield,Pafos,/alexandre-brito/profil/spieler/1061568
444027,Michalis Papastylianou,71,1,Goalkeeper,Pafos,/michalis-papastylianou/profil/spieler/444027
1066074,Christos Evzonas,60,3,Midfield,Pafos,/christos-evzonas/profil/spieler/1066074
1191495,Petros Petrou,82,1,Goalkeeper,Pafos,/petros-petrou/profil/spieler/1191495
1468561,Lucca Vetter Paulino,63,2,Defender,Pafos,/lucca-vetter-paulino/profil/spieler/1468561
1189172,Ruud Nijstad,43,2,Defender,FC Twente,/ruud-nijstad/profil/spieler/1189172
547499,Bart van Rooij,28,2,Defender,FC Twente,/bart-van-rooij/profil/spieler/547499
1002305,Sondre Ørjasæter,27,4,Forward,FC Twente,/sondre-orjasaeter/profil/spieler/1002305
416660,Ramiz Zerrouki,6,3,Midfield,FC Twente,/ramiz-zerrouki/profil/spieler/416660
761326,Stav Lemkin,23,2,Defender,FC Twente,/stav-lemkin/profil/spieler/761326
694186,Kristian Hlynsson,14,3,Midfield,FC Twente,/kristian-hlynsson/profil/spieler/694186
591363,Daan Rots,11,4,Forward,FC Twente,/daan-rots/profil/spieler/591363
412941,Thomas van den Belt,20,3,Midfield,FC Twente,/thomas-van-den-belt/profil/spieler/412941
866328,Younes Taha,19,4,Forward,FC Twente,/younes-taha/profil/spieler/866328
333640,Joël Drommel,16,1,Goalkeeper,FC Twente,/joel-drommel/profil/spieler/333640
386914,Sam Lammers,10,4,Forward,FC Twente,/sam-lammers/profil/spieler/386914
1045990,Filip Thorvaldsen,17,4,Forward,FC Twente,/filip-thorvaldsen/profil/spieler/1045990
228645,Wout Weghorst,9,4,Forward,FC Twente,/wout-weghorst/profil/spieler/228645
618086,Max Bruns,38,2,Defender,FC Twente,/max-bruns/profil/spieler/618086
205940,Marko Pjaca,7,4,Forward,FC Twente,/marko-pjaca/profil/spieler/205940
202788,Robin Pröpper,3,2,Defender,FC Twente,/robin-propper/profil/spieler/202788
53696,Lars Unnerstall,1,1,Goalkeeper,FC Twente,/lars-unnerstall/profil/spieler/53696
656132,Aske Adelgaard,29,2,Defender,FC Twente,/aske-adelgaard/profil/spieler/656132
508639,Naci Ünüvar,37,4,Forward,FC Twente,/naci-unuvar/profil/spieler/508639
513963,Taylor Booth,8,4,Forward,FC Twente,/taylor-booth/profil/spieler/513963
808578,Daouda Weidmann,42,3,Midfield,FC Twente,/daouda-weidmann/profil/spieler/808578
250591,Arno Verschueren,32,3,Midfield,FC Twente,/arno-verschueren/profil/spieler/250591
704075,Gijs Besselink,41,3,Midfield,FC Twente,/gijs-besselink/profil/spieler/704075
1024739,Jordy Bawuah,0,3,Midfield,FC Twente,/jordy-bawuah/profil/spieler/1024739
964757,Krzysztof Kurowski,24,2,Defender,FC Twente,/krzysztof-kurowski/profil/spieler/964757
997646,Lucas Vennegoor of Hesselink,25,4,Forward,FC Twente,/lucas-vennegoor-of-hesselink/profil/spieler/997646
983553,Guilherme Peixoto,12,2,Defender,FC Twente,/guilherme-peixoto/profil/spieler/983553
895089,Juliën Mesbahi,44,2,Defender,FC Twente,/julien-mesbahi/profil/spieler/895089
430475,Issam El Maach,29,1,Goalkeeper,FC Twente,/issam-el-maach/profil/spieler/430475
25520,Remko Pasveer,22,1,Goalkeeper,FC Twente,/remko-pasveer/profil/spieler/25520
1014172,Yannick Gerritsen,31,1,Goalkeeper,FC Twente,/yannick-gerritsen/profil/spieler/1014172
892160,Luka Vuskovic,44,2,Defender,Brighton,/luka-vuskovic/profil/spieler/892160
1012534,Yankuba Minteh,11,4,Forward,Brighton,/yankuba-minteh/profil/spieler/1012534
667287,Yasin Ayari,26,3,Midfield,Brighton,/yasin-ayari/profil/spieler/667287
565093,Bart Verbruggen,1,1,Goalkeeper,Brighton,/bart-verbruggen/profil/spieler/565093
369316,Ferdi Kadıoğlu,24,2,Defender,Brighton,/ferdi-kadioglu/profil/spieler/369316
538977,Georginio Rutter,10,4,Forward,Brighton,/georginio-rutter/profil/spieler/538977
867688,Jack Hinshelwood,8,3,Midfield,Brighton,/jack-hinshelwood/profil/spieler/867688
996897,Diego Gómez,25,3,Midfield,Brighton,/diego-gomez/profil/spieler/996897
415381,Mats Wieffer,27,2,Defender,Brighton,/mats-wieffer/profil/spieler/415381
1060087,Charalampos Kostoulas,19,4,Forward,Brighton,/charalampos-kostoulas/profil/spieler/1060087
410708,Pascal Struijk,4,2,Defender,Brighton,/pascal-struijk/profil/spieler/410708
429915,Maxim De Cuyper,29,2,Defender,Brighton,/maxim-de-cuyper/profil/spieler/429915
504849,Kaoru Mitoma,7,4,Forward,Brighton,/kaoru-mitoma/profil/spieler/504849
648046,Evan Ferguson,28,4,Forward,Brighton,/evan-ferguson/profil/spieler/648046
950091,Stefanos Tzimas,9,4,Forward,Brighton,/stefanos-tzimas/profil/spieler/950091
406634,Matt O'Riley,33,3,Midfield,Brighton,/matt-oriley/profil/spieler/406634
1421433,Zadok Yohanna,36,4,Forward,Brighton,/zadok-yohanna/profil/spieler/1421433
888785,Promise David,12,4,Forward,Brighton,/promise-david/profil/spieler/888785
318508,Olivier Boscagli,21,2,Defender,Brighton,/olivier-boscagli/profil/spieler/318508
1178758,Malick Yalcouyé,35,3,Midfield,Brighton,/malick-yalcouye/profil/spieler/1178758
380350,Igor Julio,3,2,Defender,Brighton,/igor-julio/profil/spieler/380350
539252,Costinha,20,2,Defender,Brighton,/costinha/profil/spieler/539252
1110406,Ibrahim Osman,15,4,Forward,Brighton,/ibrahim-osman/profil/spieler/1110406
750903,Jaouen Hadjam,6,2,Defender,Brighton,/jaouen-hadjam/profil/spieler/750903
581330,Eiran Cashin,16,2,Defender,Brighton,/eiran-cashin/profil/spieler/581330
878150,Amario Cozier-Duberry,22,4,Forward,Brighton,/amario-cozier-duberry/profil/spieler/878150
438961,Michael Svoboda,30,2,Defender,Brighton,/michael-svoboda/profil/spieler/438961
148153,Lewis Dunk,5,2,Defender,Brighton,/lewis-dunk/profil/spieler/148153
82873,Pascal Groß,13,3,Midfield,Brighton,/pascal-gross/profil/spieler/82873
1420635,Matías Orozco,0,3,Midfield,Brighton,/matias-orozco/profil/spieler/1420635
73564,Jason Steele,23,1,Goalkeeper,Brighton,/jason-steele/profil/spieler/73564
406556,Tom McGill,38,1,Goalkeeper,Brighton,/tom-mcgill/profil/spieler/406556
723487,Mathias Delorge,17,3,Midfield,KAA Gent,/mathias-delorge/profil/spieler/723487
1285174,Hyllarion Goore,45,4,Forward,KAA Gent,/hyllarion-goore/profil/spieler/1285174
488298,Maksim Paskotsi,3,2,Defender,KAA Gent,/maksim-paskotsi/profil/spieler/488298
1019173,Tibe De Vlieger,27,3,Midfield,KAA Gent,/tibe-de-vlieger/profil/spieler/1019173
400131,Siebe Van der Heyden,44,2,Defender,KAA Gent,/siebe-van-der-heyden/profil/spieler/400131
502239,Michel-Ange Balikwisha,0,4,Forward,KAA Gent,/michel-ange-balikwisha/profil/spieler/502239
140808,Davy Roef,33,1,Goalkeeper,KAA Gent,/davy-roef/profil/spieler/140808
805889,Max Dean,21,4,Forward,KAA Gent,/max-dean/profil/spieler/805889
705991,Matisse Samoise,18,3,Midfield,KAA Gent,/matisse-samoise/profil/spieler/705991
592400,Abdelkahar Kadri,37,3,Midfield,KAA Gent,/abdelkahar-kadri/profil/spieler/592400
481628,Tiago Araújo,20,2,Defender,KAA Gent,/tiago-araujo/profil/spieler/481628
348756,Leonardo Lopes,22,3,Midfield,KAA Gent,/leonardo-lopes/profil/spieler/348756
243188,László Bénes,8,3,Midfield,KAA Gent,/laszlo-benes/profil/spieler/243188
1105542,Mohammed El Âdfaoui,28,3,Midfield,KAA Gent,/mohammed-el-adfaoui/profil/spieler/1105542
781812,Matties Volckaert,57,2,Defender,KAA Gent,/matties-volckaert/profil/spieler/781812
244221,Christian Burgess,16,2,Defender,KAA Gent,/christian-burgess/profil/spieler/244221
929876,Momodou Sonko,11,4,Forward,KAA Gent,/momodou-sonko/profil/spieler/929876
1291709,Josué Vergara,47,4,Forward,KAA Gent,/josue-vergara/profil/spieler/1291709
775403,Hugo Gambor,0,2,Defender,KAA Gent,/hugo-gambor/profil/spieler/775403
568373,Aimé Omgba,10,3,Midfield,KAA Gent,/aime-omgba/profil/spieler/568373
1473866,Ibrahima Cissé,75,4,Forward,KAA Gent,/ibrahima-cisse/profil/spieler/1473866
922792,Mouhamed Ngom,5,2,Defender,KAA Gent,/mouhamed-ngom/profil/spieler/922792
183383,Pieter Gerkens,0,3,Midfield,KAA Gent,/pieter-gerkens/profil/spieler/183383
1133955,Abubakar Abdullahi,61,4,Forward,KAA Gent,/abubakar-abdullahi/profil/spieler/1133955
1365842,El Hadji Seck,59,4,Forward,KAA Gent,/el-hadji-seck/profil/spieler/1365842
1005835,Gilles De Meyer,35,2,Defender,KAA Gent,/gilles-de-meyer/profil/spieler/1005835
931525,Wout Asselman,62,3,Midfield,KAA Gent,/wout-asselman/profil/spieler/931525
654919,Kjell Peersman,30,1,Goalkeeper,KAA Gent,/kjell-peersman/profil/spieler/654919
1133729,Mamadou Diallo,56,2,Defender,KAA Gent,/mamadou-diallo/profil/spieler/1133729
906428,Kyrell Wilson,14,4,Forward,KAA Gent,/kyrell-wilson/profil/spieler/906428
387990,Tom Vandenberghe,23,1,Goalkeeper,KAA Gent,/tom-vandenberghe/profil/spieler/387990
1231353,Bas Evers,31,1,Goalkeeper,KAA Gent,/bas-evers/profil/spieler/1231353
1053009,Victor De Coninck,51,1,Goalkeeper,KAA Gent,/victor-de-coninck/profil/spieler/1053009
1064973,Lars Cooman,29,2,Defender,KAA Gent,/lars-cooman/profil/spieler/1064973
582353,Mattia Zanotti,46,2,Defender,FC Lugano,/mattia-zanotti/profil/spieler/582353
927734,Martim Marques,26,2,Defender,FC Lugano,/martim-marques/profil/spieler/927734
482573,Antonios Papadopoulos,6,2,Defender,FC Lugano,/antonios-papadopoulos/profil/spieler/482573
345780,Lukas Mai,17,2,Defender,FC Lugano,/lukas-mai/profil/spieler/345780
461461,Uran Bislimi,25,3,Midfield,FC Lugano,/uran-bislimi/profil/spieler/461461
1223490,Dereck Moncada,30,4,Forward,FC Lugano,/dereck-moncada/profil/spieler/1223490
608212,Daniel Dos Santos,27,3,Midfield,FC Lugano,/daniel-dos-santos/profil/spieler/608212
801754,Yanis Cimignani,21,3,Midfield,FC Lugano,/yanis-cimignani/profil/spieler/801754
338635,Hannes Delcroix,3,2,Defender,FC Lugano,/hannes-delcroix/profil/spieler/338635
192637,Anto Grgic,8,3,Midfield,FC Lugano,/anto-grgic/profil/spieler/192637
1106187,Bekhruz Karimov,0,2,Defender,FC Lugano,/bekhruz-karimov/profil/spieler/1106187
977089,Beckham Castro,22,4,Forward,FC Lugano,/beckham-castro/profil/spieler/977089
625768,Damian Kelvin,4,2,Defender,FC Lugano,/damian-kelvin/profil/spieler/625768
645764,Ahmed Kendouci,14,3,Midfield,FC Lugano,/ahmed-kendouci/profil/spieler/645764
203124,David von Ballmoos,16,1,Goalkeeper,FC Lugano,/david-von-ballmoos/profil/spieler/203124
1236047,Elias Pihlström,24,4,Forward,FC Lugano,/elias-pihlstrom/profil/spieler/1236047
117432,Kevin Behrens,91,4,Forward,FC Lugano,/kevin-behrens/profil/spieler/117432
194638,Renato Steffen,11,4,Forward,FC Lugano,/renato-steffen/profil/spieler/194638
129604,Ezgjan Alioski,7,2,Defender,FC Lugano,/ezgjan-alioski/profil/spieler/129604
679413,Claudio Cassano,19,3,Midfield,FC Lugano,/claudio-cassano/profil/spieler/679413
620834,Joel Bichsel,18,2,Defender,FC Lugano,/joel-bichsel/profil/spieler/620834
499317,Felix Gebhardt,28,1,Goalkeeper,FC Lugano,/felix-gebhardt/profil/spieler/499317
1221548,Carbone,44,2,Defender,FC Lugano,/carbone/profil/spieler/1221548
655629,Fotios Pseftis,0,1,Goalkeeper,FC Lugano,/fotios-pseftis/profil/spieler/655629
1015809,Gjan Ajdin,23,3,Midfield,FC Lugano,/gjan-ajdin/profil/spieler/1015809
895728,Diego Mina,99,1,Goalkeeper,FC Lugano,/diego-mina/profil/spieler/895728
1015770,Christian Raffa,33,4,Forward,FC Lugano,/christian-raffa/profil/spieler/1015770
932164,Jason Parente,31,3,Midfield,FC Lugano,/jason-parente/profil/spieler/932164
1164444,Nicolò Puddu,32,4,Forward,FC Lugano,/nicolo-puddu/profil/spieler/1164444
1378087,Bryan Zurmühle,36,4,Forward,FC Lugano,/bryan-zurmuhle/profil/spieler/1378087
1407702,Ian Tiraboschi,37,4,Forward,FC Lugano,/ian-tiraboschi/profil/spieler/1407702
496237,Niklas Steffen,1,1,Goalkeeper,FC Thun,/niklas-steffen/profil/spieler/496237
934514,Riccardo Braschi,20,4,Forward,FC Thun,/riccardo-braschi/profil/spieler/934514
205227,Mattias Käit,14,3,Midfield,FC Thun,/mattias-kait/profil/spieler/205227
500099,Fabio Fehr,47,2,Defender,FC Thun,/fabio-fehr/profil/spieler/500099
289875,Jan Bamert,19,2,Defender,FC Thun,/jan-bamert/profil/spieler/289875
507412,Nils Reichmuth,70,3,Midfield,FC Thun,/nils-reichmuth/profil/spieler/507412
203895,Nicolas Bürgy,5,2,Defender,FC Thun,/nicolas-burgy/profil/spieler/203895
478426,Genís Montolio,4,2,Defender,FC Thun,/genis-montolio/profil/spieler/478426
995817,Dorian Derbaci,21,3,Midfield,FC Thun,/dorian-derbaci/profil/spieler/995817
365134,Justin Roth,16,3,Midfield,FC Thun,/justin-roth/profil/spieler/365134
527343,Tom Strannegård,18,3,Midfield,FC Thun,/tom-strannegard/profil/spieler/527343
449353,Lucien Dähler,37,2,Defender,FC Thun,/lucien-dahler/profil/spieler/449353
342227,Brighton Labeau,96,4,Forward,FC Thun,/brighton-labeau/profil/spieler/342227
803045,Furkan Dursun,9,4,Forward,FC Thun,/furkan-dursun/profil/spieler/803045
628618,Nassim Zoukit,13,3,Midfield,FC Thun,/nassim-zoukit/profil/spieler/628618
346904,Nico Maier,30,3,Midfield,FC Thun,/nico-maier/profil/spieler/346904
604817,Tim Spycher,25,1,Goalkeeper,FC Thun,/tim-spycher/profil/spieler/604817
660514,Marc Gutbub,33,4,Forward,FC Thun,/marc-gutbub/profil/spieler/660514
357251,Fabio Saiz,8,3,Midfield,FC Thun,/fabio-saiz/profil/spieler/357251
1061056,Simon Lengen,80,4,Forward,FC Thun,/simon-lengen/profil/spieler/1061056
1060904,Louis Passavant,54,2,Defender,FC Thun,/louis-passavant/profil/spieler/1060904
580801,Layton Stewart,11,4,Forward,FC Thun,/layton-stewart/profil/spieler/580801
172192,Marco Bürki,23,2,Defender,FC Thun,/marco-burki/profil/spieler/172192
1138248,Adam Ilic,52,3,Midfield,FC Thun,/adam-ilic/profil/spieler/1138248
507454,Ashvin Balaruban,17,2,Defender,FC Thun,/ashvin-balaruban/profil/spieler/507454
902987,Mats Seiler,24,2,Defender,FC Thun,/mats-seiler/profil/spieler/902987
1046529,Dario Wälti,22,1,Goalkeeper,FC Thun,/dario-walti/profil/spieler/1046529
1054511,Leo Stucki,34,1,Goalkeeper,FC Thun,/leo-stucki/profil/spieler/1054511
501737,Leo Kokubo,16,1,Goalkeeper,Sint-Truiden,/leo-kokubo/profil/spieler/501737
852953,Ilias Sebaoui,10,4,Forward,Sint-Truiden,/ilias-sebaoui/profil/spieler/852953
727528,Robert-Jan Vanwesemael,60,2,Defender,Sint-Truiden,/robert-jan-vanwesemael/profil/spieler/727528
570572,Taiga Hata,3,2,Defender,Sint-Truiden,/taiga-hata/profil/spieler/570572
606967,Arbnor Muja,7,4,Forward,Sint-Truiden,/arbnor-muja/profil/spieler/606967
418661,Abdoulaye Sissako,8,3,Midfield,Sint-Truiden,/abdoulaye-sissako/profil/spieler/418661
710969,Samed Bazdar,9,4,Forward,Sint-Truiden,/samed-bazdar/profil/spieler/710969
452296,Joedrick Pupe,23,2,Defender,Sint-Truiden,/joedrick-pupe/profil/spieler/452296
207623,Visar Musliu,26,2,Defender,Sint-Truiden,/visar-musliu/profil/spieler/207623
1137664,Oumar Diouf,77,4,Forward,Sint-Truiden,/oumar-diouf/profil/spieler/1137664
538970,Ryan Merlen,14,3,Midfield,Sint-Truiden,/ryan-merlen/profil/spieler/538970
566011,Ryotaro Araki,71,3,Midfield,Sint-Truiden,/ryotaro-araki/profil/spieler/566011
1153358,Shion Shinkawa,99,4,Forward,Sint-Truiden,/shion-shinkawa/profil/spieler/1153358
1124661,Kaito Matsuzawa,38,4,Forward,Sint-Truiden,/kaito-matsuzawa/profil/spieler/1124661
307870,Shogo Taniguchi,5,2,Defender,Sint-Truiden,/shogo-taniguchi/profil/spieler/307870
915026,Nelson Ishiwatari,18,3,Midfield,Sint-Truiden,/nelson-ishiwatari/profil/spieler/915026
235247,Wolke Janssens,22,2,Defender,Sint-Truiden,/wolke-janssens/profil/spieler/235247
751989,Alouis Diriken,33,3,Midfield,Sint-Truiden,/alouis-diriken/profil/spieler/751989
981197,Frédéric Soèllé Soèllé,19,4,Forward,Sint-Truiden,/frederic-soelle-soelle/profil/spieler/981197
937107,Matt Lendfers,21,1,Goalkeeper,Sint-Truiden,/matt-lendfers/profil/spieler/937107
1309326,Jay-David Mbalanda,32,4,Forward,Sint-Truiden,/jay-david-mbalanda/profil/spieler/1309326
1182625,Illyès Benachour,31,3,Midfield,Sint-Truiden,/illyes-benachour/profil/spieler/1182625
1159156,Ahmad Abu Rasen,25,1,Goalkeeper,Sint-Truiden,/ahmad-abu-rasen/profil/spieler/1159156
1453001,Rune Verheyden,0,2,Defender,Sint-Truiden,/rune-verheyden/profil/spieler/1453001
503855,Amine Benchaib,7,3,Midfield,Kauno Zalgiris,/amine-benchaib/profil/spieler/503855
582227,Motiejus Burba,24,4,Forward,Kauno Zalgiris,/motiejus-burba/profil/spieler/582227
558714,Joris Moutachy,45,2,Defender,Kauno Zalgiris,/joris-moutachy/profil/spieler/558714
214284,Gratas Sirgėdas,10,3,Midfield,Kauno Zalgiris,/gratas-sirgedas/profil/spieler/214284
686225,Marko Konatar,33,2,Defender,Kauno Zalgiris,/marko-konatar/profil/spieler/686225
276841,Nosa Iyobosa Edokpolor,37,2,Defender,Kauno Zalgiris,/nosa-iyobosa-edokpolor/profil/spieler/276841
303420,Anthony Kalik,20,3,Midfield,Kauno Zalgiris,/anthony-kalik/profil/spieler/303420
663764,Anton Tolordava,3,2,Defender,Kauno Zalgiris,/anton-tolordava/profil/spieler/663764
352564,Aldayr Hernández,23,2,Defender,Kauno Zalgiris,/aldayr-hernandez/profil/spieler/352564
190513,Vykintas Slivka,14,3,Midfield,Kauno Zalgiris,/vykintas-slivka/profil/spieler/190513
425784,Leon Krekovic,9,4,Forward,Kauno Zalgiris,/leon-krekovic/profil/spieler/425784
724740,Yukiyoshi Karashima,8,3,Midfield,Kauno Zalgiris,/yukiyoshi-karashima/profil/spieler/724740
206844,Tomas Švedkauskas,55,1,Goalkeeper,Kauno Zalgiris,/tomas-svedkauskas/profil/spieler/206844
340073,Gabriel Debeljuh,27,4,Forward,Kauno Zalgiris,/gabriel-debeljuh/profil/spieler/340073
279580,Deividas Mikelionis,22,1,Goalkeeper,Kauno Zalgiris,/deividas-mikelionis/profil/spieler/279580
537180,Haris Kadric,99,4,Forward,Kauno Zalgiris,/haris-kadric/profil/spieler/537180
554304,Léo Ribeiro,15,4,Forward,Kauno Zalgiris,/leo-ribeiro/profil/spieler/554304
345587,Luka Racic,4,2,Defender,Kauno Zalgiris,/luka-racic/profil/spieler/345587
655678,Franco Baldassarra,32,3,Midfield,Kauno Zalgiris,/franco-baldassarra/profil/spieler/655678
522091,Renan Oliveira,19,4,Forward,Kauno Zalgiris,/renan-oliveira/profil/spieler/522091
371360,Lirim Kastrati,62,2,Defender,Kauno Zalgiris,/lirim-kastrati/profil/spieler/371360
328802,Rokas Lekiatas,77,2,Defender,Kauno Zalgiris,/rokas-lekiatas/profil/spieler/328802
216533,Fabien Ourega,70,4,Forward,Kauno Zalgiris,/fabien-ourega/profil/spieler/216533
226070,Ivan Fiolić,17,3,Midfield,Kauno Zalgiris,/ivan-fiolic/profil/spieler/226070
140540,Fedor Černych,11,4,Forward,Kauno Zalgiris,/fedor-cernych/profil/spieler/140540
875029,Tautvydas Burdzilauskas,2,2,Defender,Kauno Zalgiris,/tautvydas-burdzilauskas/profil/spieler/875029
819384,Joris Aliukonis,1,1,Goalkeeper,Kauno Zalgiris,/joris-aliukonis/profil/spieler/819384
870285,Dusan Pavlovic,15,2,Defender,Jablonec,/dusan-pavlovic/profil/spieler/870285
546825,Sebastian Nebyla,25,3,Midfield,Jablonec,/sebastian-nebyla/profil/spieler/546825
967948,Garang Kuol,0,4,Forward,Jablonec,/garang-kuol/profil/spieler/967948
633447,Martin Cedidla,18,2,Defender,Jablonec,/martin-cedidla/profil/spieler/633447
339080,Richard Sedlacek,13,3,Midfield,Jablonec,/richard-sedlacek/profil/spieler/339080
666951,Saidou Alioum,11,4,Forward,Jablonec,/saidou-alioum/profil/spieler/666951
562284,Nemanja Tekijaski,4,2,Defender,Jablonec,/nemanja-tekijaski/profil/spieler/562284
297680,Filip Zorvan,8,3,Midfield,Jablonec,/filip-zorvan/profil/spieler/297680
503963,Jiri Slama,20,2,Defender,Jablonec,/jiri-slama/profil/spieler/503963
639928,Matej Polidar,21,3,Midfield,Jablonec,/matej-polidar/profil/spieler/639928
853197,Nelson Okeke,6,3,Midfield,Jablonec,/nelson-okeke/profil/spieler/853197
502345,Klemen Mihelak,99,1,Goalkeeper,Jablonec,/klemen-mihelak/profil/spieler/502345
318112,Antonin Rusek,16,4,Forward,Jablonec,/antonin-rusek/profil/spieler/318112
206717,Eduard Sobol,23,2,Defender,Jablonec,/eduard-sobol/profil/spieler/206717
863911,Kevin-Prince Milla,11,4,Forward,Jablonec,/kevin-prince-milla/profil/spieler/863911
444387,Lamin Jawo,44,4,Forward,Jablonec,/lamin-jawo/profil/spieler/444387
1013087,Matej Malensek,42,4,Forward,Jablonec,/matej-malensek/profil/spieler/1013087
891395,Hugo Ahl,16,3,Midfield,Jablonec,/hugo-ahl/profil/spieler/891395
652051,Filip Vecheta,27,4,Forward,Jablonec,/filip-vecheta/profil/spieler/652051
740558,Roman Horak,22,3,Midfield,Jablonec,/roman-horak/profil/spieler/740558
321209,Daniel Soucek,14,2,Defender,Jablonec,/daniel-soucek/profil/spieler/321209
569361,Nassim Innocenti,90,2,Defender,Jablonec,/nassim-innocenti/profil/spieler/569361
270791,Jan Suchan,10,3,Midfield,Jablonec,/jan-suchan/profil/spieler/270791
187115,Vakhtang Chanturishvili,7,3,Midfield,Jablonec,/vakhtang-chanturishvili/profil/spieler/187115
687602,Michal Kukucka,33,1,Goalkeeper,Jablonec,/michal-kukucka/profil/spieler/687602
95792,Jan Chramosta,19,4,Forward,Jablonec,/jan-chramosta/profil/spieler/95792
107665,Filip Novak,57,2,Defender,Jablonec,/filip-novak/profil/spieler/107665
120030,Jan Hanus,1,1,Goalkeeper,Jablonec,/jan-hanus/profil/spieler/120030
940793,David Nykrin,12,2,Defender,Jablonec,/david-nykrin/profil/spieler/940793
