player_id,player_name,number,position,club,league,played,goals,assists,yellow_cards,second_yellows,red_cards,conceded,clean_sheets,minutes
342229,Kylian Mbappé,#10,Forward,Real Madrid,La Liga,28,24,4,3,-,-,,,2.405'
371998,Vinicius Junior,#7,Forward,Real Madrid,La Liga,32,13,6,7,-,-,,,2.484'
581678,Jude Bellingham,#5,Midfield,Real Madrid,La Liga,23,4,3,1,-,-,,,1.551'
369081,Federico Valverde,#8,Midfield,Real Madrid,La Liga,31,5,8,3,-,1,,,2.567'
861410,Arda Güler,#15,Midfield,Real Madrid,La Liga,32,4,9,1,-,-,,,2.011'
413112,Aurélien Tchouaméni,#14,Midfield,Real Madrid,La Liga,29,1,-,8,-,-,,,2.315'
890290,Dean Huijsen,#24,Defender,Real Madrid,La Liga,25,2,2,7,-,1,,,1.837'
314353,Trent Alexander-Arnold,#12,Defender,Real Madrid,La Liga,17,-,4,2,-,-,,,907'
811778,Álvaro Carreras,#18,Defender,Real Madrid,La Liga,26,2,2,5,-,1,,,2.154'
640428,Eduardo Camavinga,#6,Midfield,Real Madrid,La Liga,25,1,-,1,-,-,,,1.340'
412363,Rodrygo,#11,Forward,Real Madrid,La Liga,19,1,4,3,-,-,,,676'
1057316,Franco Mastantuono,#30,Forward,Real Madrid,La Liga,18,1,-,5,-,1,,,818'
314678,Brahim Díaz,#21,Forward,Real Madrid,La Liga,25,-,7,1,-,-,,,950'
935230,Gonzalo García,#16,Forward,Real Madrid,La Liga,25,4,-,1,-,-,,,680'
401530,Éder Militão,#3,Defender,Real Madrid,La Liga,16,2,1,2,-,-,,,1.142'
935245,Raúl Asencio,#17,Defender,Real Madrid,La Liga,20,2,-,3,-,-,,,1.438'
1375227,Thiago Pitarch,#45,Midfield,Real Madrid,La Liga,6,-,-,1,-,-,,,364'
108390,Thibaut Courtois,#1,Goalkeeper,Real Madrid,La Liga,28,-,,1,-,-,24,11,2.520'
404839,Andriy Lunin,#13,Goalkeeper,Real Madrid,La Liga,5,-,,-,-,-,7,-,450'
341264,Fran García,#20,Defender,Real Madrid,La Liga,10,1,1,-,1,-,,,674'
86202,Antonio Rüdiger,#22,Defender,Real Madrid,La Liga,15,1,-,-,-,-,,,1.221'
319745,Dani Ceballos,#19,Midfield,Real Madrid,La Liga,15,-,-,1,-,-,,,466'
1186235,Jorge Cestero,#28,Midfield,Real Madrid,La Liga,2,-,-,-,-,-,,,12'
291417,Ferland Mendy,#23,Defender,Real Madrid,La Liga,4,-,-,-,-,-,,,192'
138927,Daniel Carvajal,#2,Defender,Real Madrid,La Liga,14,-,-,-,-,-,,,776'
646824,Manuel Ángel,#37,Midfield,Real Madrid,La Liga,4,-,-,-,-,-,,,95'
59016,David Alaba,#4,Defender,Real Madrid,La Liga,9,-,-,1,-,-,,,261'
1055220,Fran González,#26,Goalkeeper,Real Madrid,La Liga,,,,,,,,,
937955,Héctor Fort,#39,Defender,Elche CF,La Liga,10,1,2,-,-,-,,,390'
452483,David Affengruber,#22,Defender,Elche CF,La Liga,31,1,1,6,-,1,,,2.535'
548188,Germán Valera,#11,Forward,Elche CF,La Liga,32,4,4,3,-,1,,,2.512'
948275,Álvaro Rodríguez,#20,Forward,Elche CF,La Liga,29,5,5,1,-,-,,,1.834'
217144,Aleix Febas,#14,Midfield,Elche CF,La Liga,32,2,2,8,-,-,,,2.835'
283170,Iñaki Peña,#13,Goalkeeper,Elche CF,La Liga,16,-,,-,-,-,28,4,1.440'
549027,Martim Neto,#16,Midfield,Elche CF,La Liga,24,2,5,2,-,-,,,1.319'
361254,Rafa Mir,#10,Forward,Elche CF,La Liga,27,8,-,4,-,-,,,1.810'
495625,Víctor Chust,#23,Defender,Elche CF,La Liga,26,-,-,6,1,-,,,1.840'
912392,Lucas Cepeda,#24,Forward,Elche CF,La Liga,8,1,-,1,-,-,,,380'
909758,Federico Redondo,#5,Midfield,Elche CF,La Liga,11,-,-,-,-,-,,,171'
531404,Marc Aguado,#8,Midfield,Elche CF,La Liga,30,1,2,2,-,-,,,2.088'
198008,André Silva,#9,Forward,Elche CF,La Liga,26,9,-,2,-,-,,,1.528'
501418,Adrià Pedrosa,#3,Defender,Elche CF,La Liga,23,1,1,4,-,-,,,967'
342048,Grady Diangana,#19,Forward,Elche CF,La Liga,17,1,-,2,-,-,,,765'
398163,Gonzalo Villar,#12,Midfield,Elche CF,La Liga,7,1,-,1,-,-,,,324'
339816,Tete Morente,#15,Forward,Elche CF,La Liga,8,1,1,1,-,-,,,591'
412829,Léo Pétrot,#21,Defender,Elche CF,La Liga,30,-,-,2,-,-,,,1.518'
618801,Alejandro Iturbe,#45,Goalkeeper,Elche CF,La Liga,,,,,,,,,
627290,John Donald,#18,Defender,Elche CF,La Liga,16,1,-,2,-,-,,,497'
706947,Yago Santiago,#7,Forward,Elche CF,La Liga,9,-,-,1,-,-,,,278'
962125,Buba Sangaré,#42,Defender,Elche CF,La Liga,8,-,-,2,-,-,,,405'
1064506,Adam Boayar,#32,Forward,Elche CF,La Liga,7,1,-,-,-,-,,,98'
203043,Pedro Bigas,#6,Defender,Elche CF,La Liga,24,1,2,3,1,-,,,1.709'
144128,Matías Dituro,#1,Goalkeeper,Elche CF,La Liga,17,-,,1,-,-,22,3,1.530'
277533,Josan,#17,Forward,Elche CF,La Liga,16,-,2,2,-,-,,,506'
405398,Takefusa Kubo,#14,Forward,Real Sociedad,La Liga,21,2,4,2,-,-,,,1.366'
711374,Jon Gorrotxategi,#4,Midfield,Real Sociedad,La Liga,27,1,3,7,-,-,,,2.023'
351478,Mikel Oyarzabal,#10,Forward,Real Sociedad,La Liga,29,14,3,2,-,-,,,2.399'
1018938,Jon Martín,#31,Defender,Real Sociedad,La Liga,21,1,-,5,-,-,,,1.890'
616369,Ander Barrenetxea,#7,Forward,Real Sociedad,La Liga,27,3,5,3,-,-,,,1.563'
661145,Jon Aramburu,#2,Defender,Real Sociedad,La Liga,31,1,-,8,-,-,,,2.527'
366930,Sergio Gómez,#17,Defender,Real Sociedad,La Liga,30,-,3,3,-,1,,,2.335'
212862,Álex Remiro,#1,Goalkeeper,Real Sociedad,La Liga,33,-,,1,-,-,52,3,2.970'
660438,Orri Óskarsson,#9,Forward,Real Sociedad,La Liga,16,6,-,4,-,-,,,539'
309110,Brais Méndez,#23,Midfield,Real Sociedad,La Liga,28,6,2,4,-,1,,,1.614'
502722,Luka Sucic,#24,Midfield,Real Sociedad,La Liga,17,3,1,1,-,-,,,762'
634431,Beñat Turrientes,#8,Midfield,Real Sociedad,La Liga,23,-,3,5,-,-,,,1.095'
555143,Arsen Zakharyan,#21,Midfield,Real Sociedad,La Liga,16,-,-,1,-,-,,,391'
378293,Yangel Herrera,#12,Midfield,Real Sociedad,La Liga,11,-,1,1,-,-,,,440'
355628,Igor Zubeldia,#5,Defender,Real Sociedad,La Liga,22,-,1,8,-,-,,,1.899'
372246,Carlos Soler,#18,Midfield,Real Sociedad,La Liga,28,4,3,3,-,1,,,1.969'
907813,Pablo Marín,#15,Midfield,Real Sociedad,La Liga,29,-,1,2,-,-,,,1.232'
225122,Gonçalo Guedes,#11,Forward,Real Sociedad,La Liga,31,8,4,3,-,-,,,1.821'
1007378,Wesley,#22,Forward,Real Sociedad,La Liga,4,-,-,-,-,-,,,76'
517842,Aihen Muñoz,#3,Defender,Real Sociedad,La Liga,19,-,-,1,-,-,,,764'
238266,Duje Caleta-Car,#16,Defender,Real Sociedad,La Liga,24,1,-,5,-,1,,,1.880'
711382,Jon Karrikaburu,#19,Forward,Real Sociedad,La Liga,7,-,-,-,-,-,,,129'
229804,Aritz Elustondo,#6,Defender,Real Sociedad,La Liga,13,-,-,-,-,-,,,544'
280730,Álvaro Odriozola,#20,Defender,Real Sociedad,La Liga,5,1,-,-,-,-,,,202'
625657,Unai Marrero,#13,Goalkeeper,Real Sociedad,La Liga,,,,,,,,,
498237,David Carmo,#16,Defender,Real Oviedo,La Liga,22,1,-,6,1,-,,,1.787'
568158,Javi López,#25,Defender,Real Oviedo,La Liga,21,-,1,3,-,-,,,1.466'
1127730,Thiago Fernández,#15,Forward,Real Oviedo,La Liga,12,-,4,3,-,-,,,580'
743951,Thiago Borbas,#17,Forward,Real Oviedo,La Liga,8,-,-,1,-,-,,,115'
620164,Haissem Hassan,#10,Forward,Real Oviedo,La Liga,32,-,3,1,-,-,,,1.715'
593412,Ilyas Chaira,#7,Forward,Real Oviedo,La Liga,31,6,2,2,-,1,,,2.118'
578419,Federico Viñas,#9,Forward,Real Oviedo,La Liga,29,9,1,3,1,2,,,2.117'
168157,Leander Dendoncker,#20,Midfield,Real Oviedo,La Liga,19,1,-,2,-,-,,,1.333'
462070,Nicolás Fonseca,#23,Midfield,Real Oviedo,La Liga,15,-,-,6,-,-,,,751'
395122,Santiago Colombatto,#11,Midfield,Real Oviedo,La Liga,28,-,1,6,-,-,,,1.787'
284430,Aarón Escandell,#13,Goalkeeper,Real Oviedo,La Liga,33,-,,3,-,-,51,9,2.970'
929899,Rahim Alhassane,#3,Defender,Real Oviedo,La Liga,24,-,-,2,-,-,,,1.510'
603696,Alberto Reina,#5,Midfield,Real Oviedo,La Liga,32,4,1,4,1,-,,,2.030'
525438,Horațiu Moldovan,#1,Goalkeeper,Real Oviedo,La Liga,,,,,,,,,
429790,Luka Ilic,#21,Midfield,Real Oviedo,La Liga,18,1,-,2,1,-,,,711'
216870,Nacho Vidal,#22,Defender,Real Oviedo,La Liga,24,-,-,4,-,-,,,1.945'
286384,Eric Bailly,#2,Defender,Real Oviedo,La Liga,12,1,-,3,-,-,,,1.044'
538006,Kwasi Sibo,#6,Midfield,Real Oviedo,La Liga,24,-,-,3,-,-,,,1.582'
276111,David Costas,#4,Defender,Real Oviedo,La Liga,21,1,-,2,-,-,,,1.716'
326416,Dani Calvo,#12,Defender,Real Oviedo,La Liga,16,-,-,2,-,-,,,1.249'
709380,Álex Forés,#19,Forward,Real Oviedo,La Liga,15,-,1,-,-,-,,,287'
1081496,Pablo Agudín,#27,Midfield,Real Oviedo,La Liga,6,-,-,-,-,-,,,73'
349884,Lucas Ahijado,#24,Defender,Real Oviedo,La Liga,15,-,1,2,-,-,,,969'
804708,Brandon Dominguès,#0,Forward,Real Oviedo,La Liga,,,,,,,,,
337284,Ovie Ejaria,#14,Forward,Real Oviedo,La Liga,8,-,-,1,-,-,,,196'
15799,Santi Cazorla,#8,Midfield,Real Oviedo,La Liga,23,-,1,1,-,1,,,675'
1005575,Vitor Reis,#12,Defender,Girona FC,La Liga,32,1,1,8,-,1,,,2.778'
994536,Claudio Echeverri,#14,Midfield,Girona FC,La Liga,13,1,1,3,-,-,,,528'
631821,Vladyslav Vanat,#19,Forward,Girona FC,La Liga,27,9,1,4,-,-,,,1.960'
264372,Viktor Tsygankov,#15,Forward,Girona FC,La Liga,28,6,4,3,-,-,,,2.292'
537382,Bryan Gil,#21,Forward,Girona FC,La Liga,26,-,3,4,-,-,,,1.428'
593482,Azzedine Ounahi,#18,Midfield,Girona FC,La Liga,20,5,3,6,-,-,,,1.436'
826224,Arnau Martínez,#4,Defender,Girona FC,La Liga,31,1,2,6,-,-,,,2.381'
341278,Iván Martín,#23,Midfield,Girona FC,La Liga,31,-,1,3,1,-,,,2.273'
895326,Joel Roca,#3,Forward,Girona FC,La Liga,28,3,1,3,-,1,,,1.158'
423444,Fran Beltrán,#8,Midfield,Girona FC,La Liga,23,1,-,3,-,-,,,1.360'
74857,Marc-André ter Stegen,#22,Goalkeeper,Girona FC,La Liga,2,-,,-,-,-,2,-,180'
834487,Hugo Rincón,#2,Defender,Girona FC,La Liga,31,1,2,4,-,-,,,1.691'
193098,Álex Moreno,#24,Defender,Girona FC,La Liga,27,-,3,5,-,-,,,2.198'
632896,Alejandro Francés,#16,Defender,Girona FC,La Liga,21,-,2,1,-,1,,,840'
340376,Abel Ruiz,#9,Forward,Girona FC,La Liga,9,-,-,-,-,-,,,178'
288255,Donny van de Beek,#6,Midfield,Girona FC,La Liga,2,-,-,-,-,-,,,41'
205562,Thomas Lemar,#11,Midfield,Girona FC,La Liga,24,3,1,3,-,-,,,1.153'
195488,Paulo Gazzaniga,#13,Goalkeeper,Girona FC,La Liga,31,-,,4,-,1,43,6,2.743'
99353,Portu,#0,Forward,Girona FC,La Liga,10,-,-,2,-,-,,,473'
35047,Axel Witsel,#20,Midfield,Girona FC,La Liga,28,1,2,-,1,-,,,2.272'
12282,Daley Blind,#17,Defender,Girona FC,La Liga,31,-,-,1,-,-,,,2.610'
199321,Rubén Blanco,#1,Goalkeeper,Girona FC,La Liga,,,,,,,,,
129444,David López,#5,Defender,Girona FC,La Liga,3,-,-,-,-,-,,,202'
59323,Cristhian Stuani,#7,Forward,Girona FC,La Liga,17,3,-,3,-,-,,,280'
974251,Lass Kourouma,#29,Midfield,Girona FC,La Liga,5,-,-,-,-,1,,,39'
1169436,Vladyslav Krapyvtsov,#25,Goalkeeper,Girona FC,La Liga,2,-,,-,-,-,6,-,137'
120705,Juan Carlos,#0,Goalkeeper,Girona FC,La Liga,,,,,,,,,
1301775,Jan Virgili,#17,Forward,RCD Mallorca,La Liga,27,2,6,-,-,1,,,1.652'
657430,Samú Costa,#12,Midfield,RCD Mallorca,La Liga,31,7,2,9,-,-,,,2.465'
562742,Leo Román,#1,Goalkeeper,RCD Mallorca,La Liga,29,-,,4,-,-,44,3,2.610'
720038,Pablo Torre,#20,Midfield,RCD Mallorca,La Liga,31,3,3,3,-,-,,,1.336'
251876,Pablo Maffeo,#23,Defender,RCD Mallorca,La Liga,28,1,1,9,-,-,,,2.402'
256267,Vedat Muriqi,#7,Forward,RCD Mallorca,La Liga,33,21,1,3,-,1,,,2.777'
277384,Martin Valjent,#24,Defender,RCD Mallorca,La Liga,33,-,-,6,-,-,,,2.970'
371371,Marash Kumbulla,#4,Defender,RCD Mallorca,La Liga,8,-,-,1,-,-,,,438'
142021,Sergi Darder,#10,Midfield,RCD Mallorca,La Liga,34,1,5,3,-,-,,,2.353'
834742,Mateo Joseph,#18,Forward,RCD Mallorca,La Liga,29,2,4,2,-,-,,,1.704'
666547,Zito Luvumbo,#15,Forward,RCD Mallorca,La Liga,7,-,2,2,-,-,,,305'
335225,Manu Morlanes,#8,Midfield,RCD Mallorca,La Liga,28,2,-,2,1,-,,,1.457'
513031,Antonio Sánchez,#6,Midfield,RCD Mallorca,La Liga,28,-,-,2,1,-,,,1.009'
262939,Johan Mojica,#22,Defender,RCD Mallorca,La Liga,33,-,4,6,-,-,,,2.579'
245744,Takuma Asano,#11,Forward,RCD Mallorca,La Liga,17,1,-,2,-,-,,,553'
320271,Toni Lato,#3,Defender,RCD Mallorca,La Liga,10,-,1,3,-,-,,,472'
388513,Mateu Morey,#2,Defender,RCD Mallorca,La Liga,17,1,-,2,-,-,,,630'
490606,Lucas Bergström,#13,Goalkeeper,RCD Mallorca,La Liga,5,-,,1,-,-,7,2,450'
278296,Antonio Raíllo,#21,Defender,RCD Mallorca,La Liga,23,-,1,4,-,-,,,2.033'
947431,David López,#27,Defender,RCD Mallorca,La Liga,11,-,-,2,-,-,,,684'
177452,Abdón Prats,#9,Forward,RCD Mallorca,La Liga,12,-,-,-,-,-,,,104'
706138,Javi Llabrés,#19,Forward,RCD Mallorca,La Liga,16,-,-,-,-,-,,,175'
142031,Omar Mascarell,#5,Midfield,RCD Mallorca,La Liga,27,1,2,4,-,-,,,2.012'
1101641,Justin Kalumba,#30,Forward,RCD Mallorca,La Liga,3,-,-,-,-,-,,,79'
1063574,Jan Salas,#41,Midfield,RCD Mallorca,La Liga,2,-,-,-,-,-,,,15'
27493,Iván Cuéllar,#25,Goalkeeper,RCD Mallorca,La Liga,,,,,,,,,
733576,Alberto Moleiro,#20,Forward,Villarreal CF,La Liga,33,10,5,4,-,-,,,2.194'
485963,Pape Gueye,#18,Midfield,Villarreal CF,La Liga,27,4,2,8,-,-,,,1.936'
729814,Georges Mikautadze,#9,Forward,Villarreal CF,La Liga,29,11,5,1,-,-,,,1.938'
805714,Renato Veiga,#12,Defender,Villarreal CF,La Liga,30,-,-,4,-,1,,,2.298'
484988,Logan Costa,#2,Defender,Villarreal CF,La Liga,,,,,,,,,
712107,Luiz Júnior,#1,Goalkeeper,Villarreal CF,La Liga,28,-,,3,-,-,30,8,2.520'
662261,Rafa Marín,#4,Defender,Villarreal CF,La Liga,20,1,-,1,-,-,,,1.710'
638793,Tajon Buchanan,#17,Forward,Villarreal CF,La Liga,31,7,1,8,-,-,,,1.675'
480763,Juan Foyth,#8,Defender,Villarreal CF,La Liga,13,-,-,2,-,-,,,936'
953901,Santiago Mouriño,#15,Defender,Villarreal CF,La Liga,25,1,2,8,1,-,,,2.114'
1061336,Pau Navarro,#6,Defender,Villarreal CF,La Liga,21,-,-,4,-,-,,,1.744'
678406,Sergi Cardona,#23,Defender,Villarreal CF,La Liga,28,1,4,4,-,-,,,1.762'
380598,Santi Comesaña,#14,Midfield,Villarreal CF,La Liga,31,3,6,5,-,1,,,2.254'
972465,Tani Oluwaseyi,#21,Forward,Villarreal CF,La Liga,25,2,2,1,-,-,,,766'
343052,Nicolas Pépé,#19,Forward,Villarreal CF,La Liga,33,8,7,4,-,-,,,2.220'
246968,Ayoze Pérez,#22,Forward,Villarreal CF,La Liga,21,2,3,3,-,-,,,867'
466783,Arnau Tenas,#25,Goalkeeper,Villarreal CF,La Liga,6,-,,-,-,-,9,-,540'
341713,Diego Conde,#13,Goalkeeper,Villarreal CF,La Liga,,,,,,,,,
780630,Willy Kambwala,#5,Defender,Villarreal CF,La Liga,1,-,-,-,-,-,,,9'
985806,Alex Freeman,#3,Defender,Villarreal CF,La Liga,8,-,-,-,-,-,,,250'
1453066,Carlos Macià,#37,Midfield,Villarreal CF,La Liga,4,-,-,1,-,-,,,77'
357628,Alfon González,#11,Forward,Villarreal CF,La Liga,18,2,-,-,-,-,,,531'
177467,Gerard Moreno,#7,Forward,Villarreal CF,La Liga,19,9,-,-,-,-,,,1.214'
356197,Alfonso Pedraza,#24,Defender,Villarreal CF,La Liga,25,1,3,8,-,-,,,1.533'
230784,Thomas Partey,#16,Midfield,Villarreal CF,La Liga,22,-,-,1,-,-,,,777'
59561,Dani Parejo,#10,Midfield,Villarreal CF,La Liga,28,-,-,3,-,-,,,1.221'
1331450,Hugo López,#32,Forward,Villarreal CF,La Liga,2,-,-,-,-,-,,,55'
1063553,Pau Cabanes,#33,Forward,Villarreal CF,La Liga,,,,,,,,,
1038950,Karl Etta Eyong,#21,Forward,Levante UD,La Liga,30,6,4,3,-,-,,,1.649'
668179,Carlos Álvarez,#24,Midfield,Levante UD,La Liga,30,3,1,3,-,-,,,1.898'
628886,Iván Romero,#9,Forward,Levante UD,La Liga,29,7,2,5,-,-,,,2.108'
618809,Manu Sánchez,#23,Defender,Levante UD,La Liga,29,1,2,8,-,-,,,2.537'
1144700,Matías Moreno,#2,Defender,Levante UD,La Liga,24,-,-,7,-,-,,,1.896'
861981,Alan Matturro,#3,Defender,Levante UD,La Liga,18,1,-,-,-,1,,,927'
341263,Adrián Dela,#4,Defender,Levante UD,La Liga,29,2,1,5,-,-,,,2.364'
707230,Ugo Raghouber,#14,Midfield,Levante UD,La Liga,13,-,-,1,-,-,,,664'
1063338,Carlos Espí,#19,Forward,Levante UD,La Liga,21,9,-,3,-,-,,,983'
129674,Jeremy Toljan,#22,Defender,Levante UD,La Liga,33,1,3,7,-,-,,,2.880'
568835,Pablo Martínez,#10,Midfield,Levante UD,La Liga,23,1,3,3,-,-,,,1.550'
557057,Roger Brugué,#7,Forward,Levante UD,La Liga,16,-,1,1,-,-,,,913'
128969,Mathew Ryan,#13,Goalkeeper,Levante UD,La Liga,32,-,,2,-,-,50,8,2.880'
610083,Unai Vencedor,#12,Midfield,Levante UD,La Liga,16,-,-,3,-,1,,,818'
625660,Jon Ander Olasagasti,#8,Midfield,Levante UD,La Liga,29,1,3,2,-,1,,,1.382'
293388,Oriol Rey,#20,Midfield,Levante UD,La Liga,18,-,-,3,-,-,,,1.184'
617059,Pablo Campos,#1,Goalkeeper,Levante UD,La Liga,2,-,,-,-,-,5,-,180'
526050,Kervin Arriaga,#16,Midfield,Levante UD,La Liga,24,1,2,5,1,-,,,1.301'
632741,Iker Losada,#18,Forward,Levante UD,La Liga,20,3,1,1,-,-,,,776'
1232057,Paco Cortés,#27,Forward,Levante UD,La Liga,12,-,-,2,-,-,,,471'
590690,Víctor García,#17,Defender,Levante UD,La Liga,19,-,1,-,-,-,,,913'
1063340,Kareem Tunde,#26,Forward,Levante UD,La Liga,17,-,1,3,-,-,,,1.007'
505493,Diego Pampín,#6,Defender,Levante UD,La Liga,7,-,-,2,-,-,,,457'
921345,Tay Abed,#55,Forward,Levante UD,La Liga,5,-,-,-,-,-,,,40'
255495,Unai Elgezabal,#5,Defender,Levante UD,La Liga,12,1,-,2,-,-,,,958'
252677,José Luis Morales,#11,Forward,Levante UD,La Liga,19,1,1,1,-,-,,,322'
939445,Álex Primo,#32,Goalkeeper,Levante UD,La Liga,,,,,,,,,
834764,Javi Guerra,#8,Midfield,Valencia CF,La Liga,32,1,5,3,-,-,,,1.746'
625014,Julen Agirrezabala,#25,Goalkeeper,Valencia CF,La Liga,18,-,,1,-,-,30,4,1.620'
573775,Hugo Duro,#9,Forward,Valencia CF,La Liga,32,9,-,4,-,-,,,1.698'
707274,César Tárrega,#5,Defender,Valencia CF,La Liga,28,-,-,6,-,-,,,2.236'
617081,Diego López,#16,Forward,Valencia CF,La Liga,30,3,-,2,-,-,,,1.477'
328480,Pepelu,#18,Midfield,Valencia CF,La Liga,27,2,-,3,-,-,,,1.997'
518644,Largie Ramazani,#17,Forward,Valencia CF,La Liga,23,6,1,4,-,-,,,1.123'
628366,Lucas Beltrán,#15,Forward,Valencia CF,La Liga,27,1,2,1,-,-,,,1.366'
375382,André Almeida,#10,Midfield,Valencia CF,La Liga,20,-,1,-,-,-,,,1.008'
394236,Filip Ugrinic,#23,Midfield,Valencia CF,La Liga,23,-,3,3,-,-,,,1.295'
342385,Guido Rodríguez,#2,Midfield,Valencia CF,La Liga,12,2,-,4,-,-,,,948'
221322,José Gayà,#14,Defender,Valencia CF,La Liga,30,1,2,6,-,1,,,2.309'
520840,José Copete,#3,Defender,Valencia CF,La Liga,21,-,-,5,-,-,,,1.761'
623024,Jesús Vázquez,#21,Defender,Valencia CF,La Liga,20,-,-,2,-,-,,,763'
337715,Umar Sadiq,#6,Forward,Valencia CF,La Liga,21,3,4,3,-,-,,,979'
355861,Arnaut Danjuma,#7,Forward,Valencia CF,La Liga,30,3,2,-,-,-,,,1.627'
338285,Unai Núñez,#4,Defender,Valencia CF,La Liga,9,-,1,2,-,-,,,674'
367466,Thierry Correia,#12,Defender,Valencia CF,La Liga,22,-,1,5,-,-,,,1.367'
285323,Baptiste Santamaria,#22,Midfield,Valencia CF,La Liga,19,1,1,2,-,-,,,743'
298583,Eray Cömert,#24,Defender,Valencia CF,La Liga,14,2,-,2,-,-,,,1.089'
165467,Stole Dimitrievski,#1,Goalkeeper,Valencia CF,La Liga,16,-,,1,-,-,20,4,1.440'
346289,Mouctar Diakhaby,#0,Defender,Valencia CF,La Liga,8,1,-,3,-,-,,,544'
278837,Luis Rioja,#11,Forward,Valencia CF,La Liga,33,2,5,1,-,-,,,2.292'
413262,Dani Raba,#19,Forward,Valencia CF,La Liga,13,-,1,-,-,-,,,264'
268642,Renzo Saravia,#20,Defender,Valencia CF,La Liga,3,-,-,1,-,-,,,232'
170472,Dimitri Foulquier,#0,Defender,Valencia CF,La Liga,15,-,-,1,-,-,,,1.148'
398131,Cristian Rivero,#13,Goalkeeper,Valencia CF,La Liga,,,,,,,,,
576024,Julián Alvarez,#19,Forward,Atlético de Madrid,La Liga,29,8,4,2,-,-,,,1.903'
775605,Pablo Barrios,#8,Midfield,Atlético de Madrid,La Liga,23,1,1,-,-,-,,,1.666'
548111,Álex Baena,#10,Forward,Atlético de Madrid,La Liga,24,2,3,4,-,-,,,1.381'
742201,Giuliano Simeone,#20,Forward,Atlético de Madrid,La Liga,29,4,6,1,-,-,,,2.020'
406040,Ademola Lookman,#22,Forward,Atlético de Madrid,La Liga,8,2,-,1,-,-,,,356'
404418,Dávid Hancko,#17,Defender,Atlético de Madrid,La Liga,26,-,2,2,-,-,,,2.118'
844637,Marc Pubill,#18,Defender,Atlético de Madrid,La Liga,15,-,1,1,-,-,,,1.067'
351809,Robin Le Normand,#24,Defender,Atlético de Madrid,La Liga,25,1,1,3,-,-,,,1.572'
486031,Nico González,#23,Forward,Atlético de Madrid,La Liga,24,5,-,4,-,1,,,1.454'
689505,Johnny Cardoso,#5,Midfield,Atlético de Madrid,La Liga,15,-,-,5,-,-,,,892'
282411,Marcos Llorente,#14,Defender,Atlético de Madrid,La Liga,26,-,4,5,-,-,,,1.925'
961297,Rodrigo Mendoza,#4,Midfield,Atlético de Madrid,La Liga,23,1,1,6,-,-,,,1.214'
238407,Alexander Sørloth,#9,Forward,Atlético de Madrid,La Liga,31,12,-,4,-,1,,,1.772'
616631,Matteo Ruggeri,#3,Defender,Atlético de Madrid,La Liga,22,-,3,4,-,-,,,1.460'
576028,Thiago Almada,#11,Forward,Atlético de Madrid,La Liga,24,3,1,2,-,1,,,1.193'
121483,Jan Oblak,#13,Goalkeeper,Atlético de Madrid,La Liga,28,-,,-,-,-,30,10,2.520'
424042,Nahuel Molina,#16,Defender,Atlético de Madrid,La Liga,25,2,2,4,-,-,,,1.291'
250845,José María Giménez,#2,Defender,Atlético de Madrid,La Liga,15,-,1,3,-,-,,,1.157'
125781,Antoine Griezmann,#7,Forward,Atlético de Madrid,La Liga,30,7,2,-,-,-,,,1.137'
889435,Obed Vargas,#21,Midfield,Atlético de Madrid,La Liga,8,-,1,2,-,-,,,477'
74229,Koke,#6,Midfield,Atlético de Madrid,La Liga,30,2,2,5,-,-,,,1.860'
182904,Clément Lenglet,#15,Defender,Atlético de Madrid,La Liga,16,-,1,4,1,-,,,1.268'
242359,Juan Musso,#1,Goalkeeper,Atlético de Madrid,La Liga,6,-,,2,-,-,7,3,540'
495621,Antonio Blanco,#8,Midfield,Deportivo Alavés,La Liga,32,2,2,8,-,-,,,2.757'
298197,Antonio Sivera,#1,Goalkeeper,Deportivo Alavés,La Liga,34,-,,2,-,-,53,3,3.060'
580560,Jon Pacheco,#5,Defender,Deportivo Alavés,La Liga,22,-,-,3,1,-,,,1.734'
334222,Lucas Boyé,#15,Forward,Deportivo Alavés,La Liga,27,11,1,2,1,-,,,1.867'
741289,Youssef Enríquez,#3,Defender,Deportivo Alavés,La Liga,23,-,1,5,-,-,,,1.264'
302371,Toni Martínez,#11,Forward,Deportivo Alavés,La Liga,33,11,3,2,-,-,,,2.401'
785353,Pablo Ibáñez,#19,Midfield,Deportivo Alavés,La Liga,33,1,1,6,-,-,,,2.082'
284854,Carles Aleñá,#10,Midfield,Deportivo Alavés,La Liga,34,-,4,5,-,-,,,1.997'
465967,Ander Guevara,#6,Midfield,Deportivo Alavés,La Liga,23,1,1,2,1,-,,,621'
533568,Nahuel Tenaglia,#14,Defender,Deportivo Alavés,La Liga,32,2,1,2,-,-,,,2.880'
175446,Jonny Otto,#17,Defender,Deportivo Alavés,La Liga,33,-,-,6,-,-,,,2.908'
798114,Calebe,#20,Midfield,Deportivo Alavés,La Liga,19,-,-,2,-,-,,,753'
289257,Jon Guridi,#18,Midfield,Deportivo Alavés,La Liga,24,-,-,1,-,-,,,897'
591957,Victor Parada,#24,Defender,Deportivo Alavés,La Liga,26,-,3,7,1,-,,,1.859'
718034,Abde Rebbach,#21,Forward,Deportivo Alavés,La Liga,26,1,3,5,-,-,,,1.178'
620696,Ibrahim Diabate,#22,Forward,Deportivo Alavés,La Liga,6,1,-,-,-,-,,,361'
581326,Ville Koski,#16,Defender,Deportivo Alavés,La Liga,2,-,-,-,-,-,,,11'
165007,Denis Suárez,#4,Midfield,Deportivo Alavés,La Liga,26,1,2,6,-,-,,,1.213'
1124136,Ángel Pérez,#7,Forward,Deportivo Alavés,La Liga,12,1,3,3,-,-,,,931'
431190,Carlos Protesoni,#23,Midfield,Deportivo Alavés,La Liga,9,-,-,-,1,-,,,240'
935232,Aitor Mañas,#34,Forward,Deportivo Alavés,La Liga,6,-,-,-,-,-,,,66'
225020,Mariano Díaz,#9,Forward,Deportivo Alavés,La Liga,10,-,-,1,-,-,,,282'
54217,Raúl Fernández,#13,Goalkeeper,Deportivo Alavés,La Liga,,,,,,,,,
533354,Facundo Garcés,#2,Defender,Deportivo Alavés,La Liga,10,-,-,3,-,-,,,792'
709187,Nico Williams,#10,Forward,Athletic Bilbao,La Liga,24,6,4,2,-,-,,,1.653'
938729,Mikel Jauregizar,#18,Midfield,Athletic Bilbao,La Liga,32,2,-,5,1,-,,,2.570'
571020,Oihan Sancet,#8,Midfield,Athletic Bilbao,La Liga,27,4,-,3,-,1,,,1.739'
262396,Unai Simón,#1,Goalkeeper,Athletic Bilbao,La Liga,34,-,,1,-,-,50,6,3.060'
524000,Dani Vivian,#3,Defender,Athletic Bilbao,La Liga,28,1,-,8,-,1,,,2.383'
625047,Beñat Prados,#24,Midfield,Athletic Bilbao,La Liga,2,-,-,1,-,-,,,85'
591916,Aitor Paredes,#4,Defender,Athletic Bilbao,La Liga,18,2,-,4,-,-,,,1.539'
255508,Iñaki Williams,#9,Forward,Athletic Bilbao,La Liga,26,2,4,2,-,-,,,1.875'
176553,Aymeric Laporte,#14,Defender,Athletic Bilbao,La Liga,22,-,2,2,-,-,,,1.835'
488626,Jesús Areso,#12,Defender,Athletic Bilbao,La Liga,25,-,1,3,-,-,,,1.433'
563137,Robert Navarro,#23,Forward,Athletic Bilbao,La Liga,28,6,1,1,-,-,,,998'
340205,Gorka Guruzeta,#11,Forward,Athletic Bilbao,La Liga,31,9,3,4,1,-,,,2.097'
338425,Álex Berenguer,#7,Forward,Athletic Bilbao,La Liga,28,2,3,3,-,-,,,1.967'
834752,Unai Gómez,#20,Midfield,Athletic Bilbao,La Liga,22,1,1,1,-,-,,,730'
1054934,Maroan Sannadi,#21,Forward,Athletic Bilbao,La Liga,9,1,-,2,-,-,,,273'
289255,Andoni Gorosabel,#2,Defender,Athletic Bilbao,La Liga,20,-,1,3,-,-,,,1.114'
1312698,Selton Sánchez,#44,Midfield,Athletic Bilbao,La Liga,7,-,1,-,-,-,,,193'
834491,Alejandro Rego,#30,Midfield,Athletic Bilbao,La Liga,25,1,1,5,-,-,,,1.055'
834483,Álex Padilla,#27,Goalkeeper,Athletic Bilbao,La Liga,,,,,,,,,
710671,Adama Boiro,#19,Defender,Athletic Bilbao,La Liga,12,-,-,1,-,-,,,630'
126751,Iñigo Ruiz de Galarreta,#16,Midfield,Athletic Bilbao,La Liga,31,1,2,11,-,-,,,2.018'
668183,Nico Serrano,#22,Forward,Athletic Bilbao,La Liga,14,1,-,-,-,-,,,337'
610622,Urko Izeta,#25,Forward,Athletic Bilbao,La Liga,11,-,-,2,-,-,,,162'
300168,Mikel Vesga,#6,Midfield,Athletic Bilbao,La Liga,21,-,-,-,-,-,,,420'
255501,Iñigo Lekue,#15,Defender,Athletic Bilbao,La Liga,10,-,-,2,-,-,,,570'
61812,Yuri Berchiche,#17,Defender,Athletic Bilbao,La Liga,30,-,6,4,-,-,,,2.529'
255488,Yeray Álvarez,#5,Defender,Athletic Bilbao,La Liga,3,-,-,-,-,-,,,244'
834485,Unai Egiluz,#13,Defender,Athletic Bilbao,La Liga,,,,,,,,,
935231,Víctor Muñoz,#21,Forward,CA Osasuna,La Liga,33,5,2,3,-,-,,,2.580'
541555,Enzo Boyomo,#22,Defender,CA Osasuna,La Liga,26,1,1,5,-,-,,,2.185'
634131,Aimar Oroz,#10,Midfield,CA Osasuna,La Liga,27,-,2,6,-,-,,,1.951'
552425,Jon Moncayola,#7,Midfield,CA Osasuna,La Liga,32,-,4,9,-,-,,,2.710'
624942,Raúl Moro,#15,Forward,CA Osasuna,La Liga,11,-,2,-,-,-,,,495'
658115,Abel Bretones,#23,Defender,CA Osasuna,La Liga,25,1,1,5,-,1,,,1.432'
555500,Jorge Herrando,#5,Defender,CA Osasuna,La Liga,27,-,2,3,-,-,,,1.530'
46413,Ante Budimir,#17,Forward,CA Osasuna,La Liga,33,16,-,2,-,-,,,2.621'
631002,Raúl García,#9,Forward,CA Osasuna,La Liga,32,7,-,2,-,1,,,833'
441170,Valentin Rosier,#19,Defender,CA Osasuna,La Liga,27,1,1,4,1,-,,,2.206'
248738,Sergio Herrera,#1,Goalkeeper,CA Osasuna,La Liga,34,-,,3,-,-,42,7,3.060'
449796,Alejandro Catena,#24,Defender,CA Osasuna,La Liga,31,3,2,10,-,1,,,2.713'
213670,Lucas Torró,#6,Midfield,CA Osasuna,La Liga,30,-,1,6,-,-,,,2.081'
448628,Javi Galán,#20,Defender,CA Osasuna,La Liga,22,-,1,2,-,-,,,1.634'
710677,Iker Muñoz,#8,Midfield,CA Osasuna,La Liga,17,-,-,4,-,-,,,855'
213260,Rubén García,#14,Forward,CA Osasuna,La Liga,31,2,5,5,-,-,,,2.013'
175449,Moi Gómez,#16,Midfield,CA Osasuna,La Liga,23,-,2,3,-,-,,,1.073'
298575,Kike Barja,#11,Forward,CA Osasuna,La Liga,24,1,2,3,-,-,,,337'
710679,Iker Benito,#2,Forward,CA Osasuna,La Liga,5,1,-,1,-,-,,,147'
169497,Juan Cruz,#3,Defender,CA Osasuna,La Liga,15,-,-,1,-,-,,,646'
1038512,Asier Osambela,#29,Midfield,CA Osasuna,La Liga,14,1,-,1,-,-,,,299'
1065442,Iñigo Arguibide,#41,Defender,CA Osasuna,La Liga,6,-,-,-,-,1,,,186'
118997,Aitor Fernández,#13,Goalkeeper,CA Osasuna,La Liga,,,,,,,,,
937958,Lamine Yamal,#10,Forward,FC Barcelona,La Liga,28,16,12,1,-,-,,,2.270'
683840,Pedri,#8,Midfield,FC Barcelona,La Liga,26,2,8,-,1,-,,,1.902'
636703,Fermín López,#16,Midfield,FC Barcelona,La Liga,28,6,9,3,-,-,,,1.665'
962110,Pau Cubarsí,#5,Defender,FC Barcelona,La Liga,29,1,-,3,-,-,,,2.554'
411295,Raphinha,#11,Forward,FC Barcelona,La Liga,20,11,3,4,-,-,,,1.300'
411975,Jules Koundé,#23,Defender,FC Barcelona,La Liga,28,1,3,5,-,-,,,2.081'
293385,Dani Olmo,#20,Midfield,FC Barcelona,La Liga,29,7,7,-,-,-,,,1.846'
636688,Alejandro Balde,#3,Defender,FC Barcelona,La Liga,24,-,2,2,-,-,,,1.659'
398184,Ferran Torres,#7,Forward,FC Barcelona,La Liga,30,15,1,2,-,-,,,1.787'
326330,Frenkie de Jong,#21,Midfield,FC Barcelona,La Liga,23,1,5,3,1,-,,,1.577'
258923,Marcus Rashford,#14,Forward,FC Barcelona,La Liga,29,7,9,2,-,-,,,1.518'
561613,Joan García,#13,Goalkeeper,FC Barcelona,La Liga,28,-,,1,-,-,20,14,2.520'
466794,Eric García,#24,Defender,FC Barcelona,La Liga,31,1,2,6,-,-,,,2.515'
1018920,Marc Bernal,#22,Midfield,FC Barcelona,La Liga,18,2,1,3,-,-,,,529'
646740,Gavi,#6,Midfield,FC Barcelona,La Liga,8,-,1,3,-,-,,,317'
705395,Gerard Martín,#18,Defender,FC Barcelona,La Liga,29,-,-,6,-,-,,,1.852'
636695,Marc Casadó,#17,Midfield,FC Barcelona,La Liga,21,-,1,1,-,-,,,907'
480267,Ronald Araujo,#4,Defender,FC Barcelona,La Liga,22,3,-,2,-,-,,,989'
792331,Roony Bardghji,#19,Forward,FC Barcelona,La Liga,19,1,1,-,-,-,,,551'
196948,Andreas Christensen,#15,Defender,FC Barcelona,La Liga,12,-,-,1,-,-,,,376'
182712,João Cancelo,#2,Defender,FC Barcelona,La Liga,12,1,3,-,-,-,,,755'
38253,Robert Lewandowski,#9,Forward,FC Barcelona,La Liga,27,13,3,2,-,-,,,1.378'
44058,Wojciech Szczęsny,#25,Goalkeeper,FC Barcelona,La Liga,6,-,,-,-,-,11,-,540'
938144,Diego Kochen,#31,Goalkeeper,FC Barcelona,La Liga,,,,,,,,,
331505,Óscar Mingueza,#3,Defender,Celta de Vigo,La Liga,30,1,4,4,-,-,,,1.819'
1064471,Fer López,#8,Midfield,Celta de Vigo,La Liga,13,1,-,2,-,-,,,831'
1076815,Javi Rodríguez,#32,Defender,Celta de Vigo,La Liga,29,-,1,5,-,-,,,2.201'
892932,Miguel Román,#16,Midfield,Celta de Vigo,La Liga,19,1,-,3,-,-,,,1.310'
764859,Williot Swedberg,#19,Forward,Celta de Vigo,La Liga,25,4,4,2,-,-,,,1.028'
617074,Ilaix Moriba,#6,Midfield,Celta de Vigo,La Liga,33,1,2,6,-,-,,,2.219'
303657,Ionuț Radu,#13,Goalkeeper,Celta de Vigo,La Liga,34,-,,1,-,-,44,8,3.060'
960571,Jones El-Abdellaoui,#39,Forward,Celta de Vigo,La Liga,21,2,-,-,-,-,,,654'
545647,Sergio Carreira,#5,Defender,Celta de Vigo,La Liga,30,2,1,2,-,-,,,2.401'
892929,Hugo Álvarez,#23,Forward,Celta de Vigo,La Liga,24,4,1,2,-,-,,,1.217'
892221,Hugo Sotelo,#22,Midfield,Celta de Vigo,La Liga,19,-,2,3,-,-,,,1.266'
599231,Ferran Jutglà,#9,Forward,Celta de Vigo,La Liga,26,7,3,4,-,-,,,1.482'
626953,Álvaro Núñez,#14,Defender,Celta de Vigo,La Liga,24,-,2,2,-,-,,,1.916'
258987,Carl Starfelt,#2,Defender,Celta de Vigo,La Liga,19,-,-,1,1,-,,,1.492'
905997,Pablo Durán,#18,Forward,Celta de Vigo,La Liga,26,2,2,1,-,-,,,1.286'
652331,Javi Rueda,#17,Defender,Celta de Vigo,La Liga,23,2,5,5,-,-,,,1.204'
278359,Borja Iglesias,#7,Forward,Celta de Vigo,La Liga,31,13,2,7,-,-,,,1.677'
636093,Carlos Domínguez,#24,Defender,Celta de Vigo,La Liga,8,-,-,1,-,-,,,610'
939374,Yoel Lago,#29,Defender,Celta de Vigo,La Liga,8,-,-,4,-,-,,,580'
72047,Iago Aspas,#10,Forward,Celta de Vigo,La Liga,28,5,3,3,-,-,,,945'
638124,Manu Fernández,#12,Defender,Celta de Vigo,La Liga,14,-,-,2,-,-,,,759'
143812,Matías Vecino,#15,Midfield,Celta de Vigo,La Liga,4,-,-,-,-,-,,,117'
112515,Marcos Alonso,#20,Defender,Celta de Vigo,La Liga,28,1,-,5,-,-,,,2.410'
358250,Joseph Aidoo,#4,Defender,Celta de Vigo,La Liga,8,-,-,-,-,-,,,639'
297194,Iván Villar,#1,Goalkeeper,Celta de Vigo,La Liga,,,,,,,,,
271455,Mihailo Ristic,#21,Defender,Celta de Vigo,La Liga,4,-,-,-,-,-,,,255'
341110,Franco Cervi,#11,Forward,Celta de Vigo,La Liga,,,,,,,,,
541621,Marc Vidal,#25,Goalkeeper,Celta de Vigo,La Liga,,,,,,,,,
290249,Mauro Arambarri,#8,Midfield,Getafe CF,La Liga,33,6,2,5,-,-,,,2.895'
948273,Mario Martín,#6,Midfield,Getafe CF,La Liga,31,2,1,10,-,-,,,1.826'
298976,Borja Mayoral,#9,Forward,Getafe CF,La Liga,15,4,1,-,-,-,,,1.055'
1061122,Adrián Liso,#23,Forward,Getafe CF,La Liga,27,3,1,3,1,-,,,1.630'
640109,Martín Satriano,#10,Forward,Getafe CF,La Liga,15,4,1,4,-,-,,,1.337'
390688,Juan Iglesias,#21,Defender,Getafe CF,La Liga,33,1,2,4,-,-,,,2.833'
419648,Veljko Birmancevic,#20,Forward,Getafe CF,La Liga,5,-,-,-,-,-,,,133'
559979,Abdel Abqar,#3,Defender,Getafe CF,La Liga,20,-,2,9,-,1,,,1.260'
281989,Luis Milla,#5,Midfield,Getafe CF,La Liga,33,-,9,4,-,1,,,2.917'
226012,David Soria,#13,Goalkeeper,Getafe CF,La Liga,34,-,,2,-,-,36,10,3.060'
696764,Abu Kamara,#11,Forward,Getafe CF,La Liga,12,-,-,1,-,-,,,248'
898352,Sebastián Boselli,#15,Defender,Getafe CF,La Liga,10,-,-,3,-,-,,,355'
741142,Zaid Romero,#24,Defender,Getafe CF,La Liga,11,-,-,3,1,-,,,990'
844516,Luis Vázquez,#19,Forward,Getafe CF,La Liga,14,3,-,2,-,-,,,1.051'
339079,Jiri Letacek,#1,Goalkeeper,Getafe CF,La Liga,,,,,,,,,
560705,Álex Sancris,#18,Forward,Getafe CF,La Liga,17,-,1,1,1,-,,,688'
221150,Dakonam Djené,#2,Defender,Getafe CF,La Liga,31,-,-,10,-,1,,,2.385'
282421,Javi Muñoz,#14,Midfield,Getafe CF,La Liga,16,-,-,-,-,-,,,519'
249513,Diego Rico,#16,Defender,Getafe CF,La Liga,28,-,-,3,-,-,,,1.754'
126737,Juanmi,#7,Forward,Getafe CF,La Liga,8,1,-,-,-,-,,,171'
1268764,Davinchi,#26,Defender,Getafe CF,La Liga,10,-,-,1,-,-,,,570'
257376,Domingos Duarte,#22,Defender,Getafe CF,La Liga,30,1,1,11,-,-,,,2.587'
76467,Kiko Femenía,#17,Defender,Getafe CF,La Liga,28,1,1,6,-,-,,,2.021'
1164331,Ismael Bekhoucha,#31,Defender,Getafe CF,La Liga,4,-,1,2,-,-,,,120'
111508,Allan Nyom,#12,Defender,Getafe CF,La Liga,12,-,-,5,-,1,,,299'
527966,Andrei Rațiu,#2,Defender,Rayo Vallecano,La Liga,31,-,3,9,-,-,,,2.605'
709969,Ilias Akhomach,#12,Forward,Rayo Vallecano,La Liga,20,-,1,2,-,-,,,894'
455181,Jorge de Frutos,#19,Forward,Rayo Vallecano,La Liga,32,10,1,3,-,-,,,2.252'
596122,Pep Chavarría,#3,Defender,Rayo Vallecano,La Liga,30,1,2,4,1,-,,,2.420'
1034853,Nobel Mendy,#32,Defender,Rayo Vallecano,La Liga,21,2,-,7,1,1,,,1.622'
275218,Augusto Batalla,#13,Goalkeeper,Rayo Vallecano,La Liga,31,-,,5,-,-,35,10,2.790'
451801,Abdul Mumin,#16,Defender,Rayo Vallecano,La Liga,1,-,-,-,-,-,,,9'
362086,Isi Palazón,#7,Forward,Rayo Vallecano,La Liga,31,3,3,10,-,1,,,2.263'
363057,Pedro Díaz,#4,Midfield,Rayo Vallecano,La Liga,30,-,1,1,-,-,,,1.608'
457931,Luiz Felipe,#5,Defender,Rayo Vallecano,La Liga,10,-,-,1,-,-,,,470'
560417,Alemão,#9,Forward,Rayo Vallecano,La Liga,22,2,-,3,-,-,,,968'
622988,Fran Pérez,#21,Forward,Rayo Vallecano,La Liga,26,2,1,4,-,-,,,1.098'
765467,Jozhua Vertrouwd,#33,Defender,Rayo Vallecano,La Liga,9,-,-,-,-,-,,,441'
192009,Unai López,#17,Midfield,Rayo Vallecano,La Liga,25,-,3,5,1,-,,,1.426'
517753,Óscar Valentín,#23,Midfield,Rayo Vallecano,La Liga,29,1,-,3,-,1,,,1.813'
505674,Sergio Camello,#10,Forward,Rayo Vallecano,La Liga,19,3,-,1,-,1,,,625'
525578,Pathé Ciss,#6,Midfield,Rayo Vallecano,La Liga,25,2,-,8,-,2,,,1.756'
127108,Florian Lejeune,#24,Defender,Rayo Vallecano,La Liga,33,1,1,6,-,-,,,2.961'
618813,Carlos Martín,#14,Forward,Rayo Vallecano,La Liga,8,-,-,1,-,-,,,376'
397676,Dani Cárdenas,#1,Goalkeeper,Rayo Vallecano,La Liga,3,-,,-,-,-,6,1,270'
257062,Álvaro García,#18,Forward,Rayo Vallecano,La Liga,31,4,6,3,-,-,,,2.063'
268670,Gerard Gumbau,#15,Midfield,Rayo Vallecano,La Liga,25,-,2,4,-,-,,,983'
85295,Iván Balliu,#20,Defender,Rayo Vallecano,La Liga,12,-,-,2,-,-,,,417'
560483,Randy Nteka,#11,Midfield,Rayo Vallecano,La Liga,11,2,-,2,-,-,,,217'
311044,Alfonso Espino,#22,Defender,Rayo Vallecano,La Liga,26,2,-,2,-,-,,,1.270'
30321,Óscar Trejo,#8,Midfield,Rayo Vallecano,La Liga,6,-,-,1,-,-,,,73'
1384911,Samu Becerra,#28,Midfield,Rayo Vallecano,La Liga,3,-,-,-,-,-,,,11'
602105,Antony,#7,Forward,Real Betis Balompié,La Liga,28,7,6,5,-,1,,,2.136'
724520,Abde Ezzalzouli,#10,Forward,Real Betis Balompié,La Liga,25,8,9,3,-,-,,,1.923'
735568,Natan,#4,Defender,Real Betis Balompié,La Liga,30,-,-,7,-,-,,,2.617'
466801,Sergi Altimira,#6,Midfield,Real Betis Balompié,La Liga,22,1,1,3,-,-,,,1.106'
459463,Cucho Hernández,#19,Forward,Real Betis Balompié,La Liga,29,10,3,4,-,-,,,2.337'
985383,Valentín Gómez,#16,Defender,Real Betis Balompié,La Liga,24,1,-,5,-,-,,,1.594'
287579,Sofyan Amrabat,#14,Midfield,Real Betis Balompié,La Liga,14,-,-,4,-,-,,,1.105'
261503,Álvaro Fidalgo,#15,Midfield,Real Betis Balompié,La Liga,7,1,-,-,-,-,,,492'
348795,Giovani Lo Celso,#20,Midfield,Real Betis Balompié,La Liga,21,2,3,4,-,-,,,1.253'
907559,Nelson Deossa,#18,Midfield,Real Betis Balompié,La Liga,18,-,-,3,-,-,,,633'
357885,Pablo Fornals,#8,Midfield,Real Betis Balompié,La Liga,34,7,5,2,-,-,,,2.634'
961087,Pablo García,#52,Forward,Real Betis Balompié,La Liga,15,-,-,1,-,-,,,378'
417913,Álvaro Valles,#1,Goalkeeper,Real Betis Balompié,La Liga,25,-,,1,-,-,30,8,2.250'
461617,Rodrigo Riquelme,#17,Forward,Real Betis Balompié,La Liga,22,1,1,2,-,-,,,762'
374139,Junior Firpo,#23,Defender,Real Betis Balompié,La Liga,10,-,1,1,-,-,,,676'
336869,Marc Roca,#21,Midfield,Real Betis Balompié,La Liga,26,1,1,1,-,-,,,1.835'
378139,Aitor Ruibal,#24,Forward,Real Betis Balompié,La Liga,26,4,2,4,-,-,,,1.724'
933908,Ángel Ortiz,#40,Defender,Real Betis Balompié,La Liga,13,-,-,1,-,-,,,582'
85288,Isco,#22,Midfield,Real Betis Balompié,La Liga,4,-,1,-,-,-,,,81'
246291,Diego Llorente,#3,Defender,Real Betis Balompié,La Liga,15,1,-,3,-,-,,,957'
286415,Pau López,#25,Goalkeeper,Real Betis Balompié,La Liga,9,-,,1,-,-,11,2,810'
191217,Héctor Bellerín,#2,Defender,Real Betis Balompié,La Liga,23,2,3,2,-,-,,,1.530'
167721,Chimy Ávila,#9,Forward,Real Betis Balompié,La Liga,14,1,-,2,-,-,,,356'
86784,Ricardo Rodríguez,#12,Defender,Real Betis Balompié,La Liga,21,-,1,-,-,-,,,1.387'
127048,Cédric Bakambu,#11,Forward,Real Betis Balompié,La Liga,17,3,1,1,-,-,,,517'
99922,Marc Bartra,#5,Defender,Real Betis Balompié,La Liga,25,1,-,3,-,-,,,1.978'
71271,Adrián San Miguel,#13,Goalkeeper,Real Betis Balompié,La Liga,,,,,,,,,
709372,Carlos Romero,#22,Defender,RCD Espanyol Barcelona,La Liga,32,5,2,4,-,-,,,2.850'
822331,Omar El Hilali,#23,Defender,RCD Espanyol Barcelona,La Liga,32,-,2,8,-,-,,,2.547'
625651,Urko González de Zárate,#4,Midfield,RCD Espanyol Barcelona,La Liga,32,-,1,6,-,-,,,2.271'
720518,Roberto Fernández,#9,Forward,RCD Espanyol Barcelona,La Liga,34,6,3,3,-,-,,,2.127'
647435,Tyrhys Dolan,#24,Forward,RCD Espanyol Barcelona,La Liga,33,1,5,4,1,-,,,2.222'
358032,Cyril Ngonge,#16,Forward,RCD Espanyol Barcelona,La Liga,9,-,2,4,-,-,,,426'
408471,Javi Puado,#7,Forward,RCD Espanyol Barcelona,La Liga,10,2,-,2,-,-,,,678'
412045,Pol Lozano,#10,Midfield,RCD Espanyol Barcelona,La Liga,30,2,1,9,1,-,,,2.018'
506248,Edu Expósito,#8,Midfield,RCD Espanyol Barcelona,La Liga,32,1,6,9,-,-,,,2.221'
692070,Clemens Riedel,#38,Defender,RCD Espanyol Barcelona,La Liga,18,-,1,5,-,-,,,1.217'
783396,Ramón Terrats,#14,Midfield,RCD Espanyol Barcelona,La Liga,26,1,1,-,-,-,,,897'
628498,Jofre Carreras,#17,Forward,RCD Espanyol Barcelona,La Liga,23,1,-,1,-,-,,,807'
819590,José Salinas,#12,Defender,RCD Espanyol Barcelona,La Liga,10,-,-,2,-,-,,,234'
243879,Charles Pickel,#18,Midfield,RCD Espanyol Barcelona,La Liga,21,1,-,1,1,1,,,633'
357884,Fernando Calero,#5,Defender,RCD Espanyol Barcelona,La Liga,25,-,-,4,-,-,,,1.944'
583510,Miguel Rubio,#15,Defender,RCD Espanyol Barcelona,La Liga,12,1,-,-,-,-,,,198'
834744,Antoniu Roca,#20,Forward,RCD Espanyol Barcelona,La Liga,10,-,-,1,-,-,,,158'
705813,Rubén Sánchez,#2,Defender,RCD Espanyol Barcelona,La Liga,17,-,1,2,-,-,,,583'
225593,Pere Milla,#11,Forward,RCD Espanyol Barcelona,La Liga,30,6,-,6,-,1,,,1.840'
102423,Leandro Cabrera,#6,Defender,RCD Espanyol Barcelona,La Liga,33,3,-,3,-,-,,,2.970'
94308,Marko Dmitrovic,#13,Goalkeeper,RCD Espanyol Barcelona,La Liga,34,-,,-,-,-,51,9,3.060'
93936,Kike García,#19,Forward,RCD Espanyol Barcelona,La Liga,33,6,1,3,-,-,,,1.627'
628487,Ángel Fortuño,#1,Goalkeeper,RCD Espanyol Barcelona,La Liga,,,,,,,,,
676042,Juanlu Sánchez,#16,Defender,Sevilla FC,La Liga,29,-,3,3,1,-,,,1.925'
711625,José Ángel Carmona,#2,Defender,Sevilla FC,La Liga,31,1,3,11,-,-,,,2.250'
607034,Akor Adams,#9,Forward,Sevilla FC,La Liga,28,8,3,2,-,-,,,1.843'
569384,Lucien Agoumé,#18,Midfield,Sevilla FC,La Liga,30,1,2,10,-,-,,,2.423'
345886,Rubén Vargas,#11,Forward,Sevilla FC,La Liga,20,3,5,1,-,-,,,1.388'
395234,Batista Mendy,#19,Midfield,Sevilla FC,La Liga,27,1,-,6,-,-,,,1.619'
766583,Kike Salas,#4,Defender,Sevilla FC,La Liga,22,1,-,1,-,-,,,1.843'
212723,Djibril Sow,#20,Midfield,Sevilla FC,La Liga,29,5,2,5,-,-,,,1.897'
385105,Gabriel Suazo,#12,Defender,Sevilla FC,La Liga,25,-,2,7,-,-,,,1.762'
687609,Isaac Romero,#7,Forward,Sevilla FC,La Liga,26,4,2,6,-,1,,,1.369'
1032280,Oso,#36,Defender,Sevilla FC,La Liga,17,1,3,-,-,-,,,1.138'
217115,Neal Maupay,#17,Forward,Sevilla FC,La Liga,8,2,1,1,-,-,,,631'
124419,Odysseas Vlachodimos,#1,Goalkeeper,Sevilla FC,La Liga,30,-,,1,-,-,48,5,2.700'
500067,Chidera Ejuke,#21,Forward,Sevilla FC,La Liga,24,1,1,-,-,-,,,783'
639733,Peque Fernández,#14,Forward,Sevilla FC,La Liga,25,2,1,7,-,-,,,914'
439022,Marcão,#23,Defender,Sevilla FC,La Liga,13,1,-,3,1,-,,,937'
74294,Nemanja Gudelj,#6,Midfield,Sevilla FC,La Liga,30,2,-,8,-,-,,,2.196'
155025,Fábio Cardoso,#15,Defender,Sevilla FC,La Liga,4,-,-,-,-,-,,,298'
263727,Joan Jordán,#8,Midfield,Sevilla FC,La Liga,3,-,-,1,-,-,,,22'
719999,Andrés Castrín,#32,Defender,Sevilla FC,La Liga,16,-,-,3,-,-,,,1.092'
766723,Manu Bueno,#28,Midfield,Sevilla FC,La Liga,8,-,-,2,-,-,,,270'
538996,Tanguy Nianzou,#5,Defender,Sevilla FC,La Liga,12,-,-,5,-,1,,,646'
40433,Alexis Sánchez,#10,Forward,Sevilla FC,La Liga,24,4,1,2,-,-,,,1.135'
57500,César Azpilicueta,#3,Defender,Sevilla FC,La Liga,15,-,1,4,-,-,,,1.038'
177847,Adnan Januzaj,#24,Forward,Sevilla FC,La Liga,12,-,-,1,-,-,,,315'
660735,Federico Gattoni,#22,Defender,Sevilla FC,La Liga,1,-,-,-,-,-,,,9'
73517,Ørjan Nyland,#13,Goalkeeper,Sevilla FC,La Liga,4,-,,1,-,-,7,1,360'
1064105,Miguel Sierra,#29,Forward,Sevilla FC,La Liga,4,-,-,-,-,-,,,58'
